1000;Amsterdam
1001;Amsterdam
1002;Amsterdam
1003;Amsterdam
1005;Amsterdam
1006;Amsterdam
1007;Amsterdam
1008;Amsterdam
1009;Amsterdam
1011;Amsterdam
1012;Amsterdam
1013;Amsterdam
1014;Amsterdam
1015;Amsterdam
1016;Amsterdam
1017;Amsterdam
1018;Amsterdam
1019;Amsterdam
1020;Amsterdam
1021;Amsterdam
1022;Amsterdam
1023;Amsterdam
1024;Amsterdam
1025;Amsterdam
1026;Amsterdam
1027;Amsterdam
1028;Amsterdam
1030;Amsterdam
1031;Amsterdam
1032;Amsterdam
1033;Amsterdam
1034;Amsterdam
1035;Amsterdam
1036;Amsterdam
1037;Amsterdam
1040;Amsterdam
1041;Amsterdam
1042;Amsterdam
1043;Amsterdam
1044;Amsterdam
1045;Amsterdam
1046;Amsterdam
1047;Amsterdam
1051;Amsterdam
1052;Amsterdam
1053;Amsterdam
1054;Amsterdam
1055;Amsterdam
1056;Amsterdam
1057;Amsterdam
1058;Amsterdam
1059;Amsterdam
1060;Amsterdam
1061;Amsterdam
1062;Amsterdam
1063;Amsterdam
1064;Amsterdam
1065;Amsterdam
1066;Amsterdam
1067;Amsterdam
1068;Amsterdam
1069;Amsterdam
1070;Amsterdam
1071;Amsterdam
1072;Amsterdam
1073;Amsterdam
1074;Amsterdam
1075;Amsterdam
1076;Amsterdam
1077;Amsterdam
1078;Amsterdam
1079;Amsterdam
1080;Amsterdam
1081;Amsterdam
1082;Amsterdam
1083;Amsterdam
1086;Amsterdam
1087;Amsterdam
1090;Amsterdam
1091;Amsterdam
1092;Amsterdam
1093;Amsterdam
1094;Amsterdam
1095;Amsterdam
1096;Amsterdam
1097;Amsterdam
1098;Amsterdam
1099;Amsterdam
1100;Amsterdam Zuidoost
1101;Amsterdam Zuidoost
1102;Amsterdam Zuidoost
1103;Amsterdam Zuidoost
1104;Amsterdam Zuidoost
1105;Amsterdam Zuidoost
1106;Amsterdam Zuidoost
1107;Amsterdam Zuidoost
1108;Amsterdam Zuidoost
1109;Amsterdam Zuidoost
1110;Diemen
1111;Diemen
1112;Diemen
1113;Diemen
1115;Duivendrecht
1117;Schiphol
1118;Luchthaven Schiphol
1119;Schiphol Rijk
1120;Landsmeer
1121;Landsmeer
1127;Den Ilp
1130;Volendam
1131;Volendam
1132;Volendam
1135;Edam
1140;Monnickendam
1141;Monnickendam
1145;Katwoude
1150;Broek in Waterland
1151;Broek in Waterland
1153;Zuiderwoude
1154;Uitdam
1156;Marken
1160;Zwanenburg
1161;Zwanenburg
1165;Halfweg
1170;Badhoevedorp
1171;Badhoevedorp
1175;Lijnden
1180;Amstelveen
1181;Amstelveen
1182;Amstelveen
1183;Amstelveen
1184;Amstelveen
1185;Amstelveen
1186;Amstelveen
1187;Amstelveen
1188;Amstelveen
1189;Amstelveen
1190;Ouderkerk Amstel
1191;Ouderkerk Amstel
1200;Hilversum
1201;Hilversum
1202;Hilversum
1211;Hilversum
1212;Hilversum
1213;Hilversum
1214;Hilversum
1215;Hilversum
1216;Hilversum
1217;Hilversum
1218;Hilversum
1221;Hilversum
1222;Hilversum
1223;Hilversum
1230;Loosdrecht
1231;Loosdrecht
1240;Kortenhoef
1241;Kortenhoef
1243;s Graveland
1244;Ankeveen
1250;Laren
1251;Laren
1252;Laren
1260;Blaricum
1261;Blaricum
1270;Huizen
1271;Huizen
1272;Huizen
1273;Huizen
1274;Huizen
1275;Huizen
1276;Huizen
1277;Huizen
1300;Almere
1301;Almere
1302;Almere
1303;Almere
1305;Almere
1309;Almere
1311;Almere
1312;Almere
1313;Almere
1314;Almere
1315;Almere
1316;Almere
1317;Almere
1318;Almere
1319;Almere
1320;Almere
1321;Almere
1322;Almere
1323;Almere
1324;Almere
1325;Almere
1326;Almere
1327;Almere
1328;Almere
1329;Almere
1331;Almere
1332;Almere
1333;Almere
1334;Almere
1335;Almere
1336;Almere
1338;Almere
1339;Almere
1341;Almere
1343;Almere
1349;Almere
1351;Almere
1352;Almere
1353;Almere
1354;Almere
1355;Almere
1356;Almere
1357;Almere
1358;Almere
1359;Almere
1361;Almere
1362;Almere
1380;Weesp
1381;Weesp
1382;Weesp
1383;Weesp
1390;Abcoude
1391;Abcoude
1393;Nigtevecht
1394;Nederhorst den Berg
1396;Baambrugge
1398;Muiden
1399;Muiderberg
1400;Bussum
1401;Bussum
1402;Bussum
1403;Bussum
1404;Bussum
1405;Bussum
1406;Bussum
1410;Naarden
1411;Naarden
1412;Naarden
1420;Uithoorn
1421;Uithoorn
1422;Uithoorn
1423;Uithoorn
1424;De Kwakel
1426;De Hoef
1427;Amstelhoek
1428;Vrouwenakker
1430;Aalsmeer
1431;Aalsmeer
1432;Aalsmeer
1433;Kudelstaart
1435;Rijsenhout
1436;Aalsmeerderbrug
1437;Rozenburg
1438;Oude Meer
1440;Purmerend
1441;Purmerend
1442;Purmerend
1443;Purmerend
1444;Purmerend
1445;Purmerend
1446;Purmerend
1447;Purmerend
1448;Purmerend
1451;Purmerland
1452;Ilpendam
1454;Watergang
1456;Wijdewormer
1458;Spijkerboor
1461;Zuidoostbeemster
1462;Middenbeemster
1463;Noordbeemster
1464;Westbeemster
1471;Kwadijk
1472;Middelie
1473;Warder
1474;Oosthuizen
1475;Beets
1476;Schardam
1477;Hobrede
1481;Purmer
1482;Purmer
1483;De Rijp
1484;Graft
1485;Noordeinde
1486;West Graftdijk
1487;Oost Graftdijk
1488;Starnmeer
1489;De Woude
1500;Zaandam
1501;Zaandam
1502;Zaandam
1503;Zaandam
1504;Zaandam
1505;Zaandam
1506;Zaandam
1507;Zaandam
1508;Zaandam
1509;Zaandam
1510;Oostzaan
1511;Oostzaan
1520;Wormerveer
1521;Wormerveer
1525;Westknollendam
1530;Wormer
1531;Wormer
1534;Oostknollendam
1536;Markenbinnen
1540;Koog aan de Zaan
1541;Koog aan de Zaan
1544;Zaandijk
1546;Jisp
1550;Westzaan
1551;Westzaan
1560;Krommenie
1561;Krommenie
1562;Krommenie
1566;Assendelft
1567;Assendelft
1600;Enkhuizen
1601;Enkhuizen
1602;Enkhuizen
1606;Venhuizen
1607;Hem
1608;Wijdenes
1609;Oosterleek
1610;Bovenkarspel
1611;Bovenkarspel
1613;Grootebroek
1614;Lutjebroek
1616;Hoogkarspel
1617;Westwoud
1619;Andijk
1620;Hoorn
1621;Hoorn
1622;Hoorn
1623;Hoorn
1624;Hoorn
1625;Hoorn
1627;Hoorn
1628;Hoorn
1631;Oudendijk
1633;Avenhorn
1634;Scharwoude
1636;Schermerhorn
1641;Spierdijk
1642;Spierdijk
1643;Spierdijk
1645;Ursem
1646;Ursem Gemeente Schermer
1647;Berkhout
1648;De Goorn
1650;Zuidermeer
1652;Zuidermeer
1654;Benningbroek
1655;Sijbekarspel
1657;Abbekerk
1658;Lambertschaag
1661;De Weere
1662;De Weere
1663;De Weere
1670;Medemblik
1671;Medemblik
1674;Opperdoes
1676;Twisk
1678;Oostwoud
1679;Midwoud
1680;Zwaagdijk
1681;Zwaagdijk
1682;Zwaagdijk
1683;Zwaagdijk
1684;Zwaagdijk
1685;Zwaagdijk
1686;Zwaagdijk
1687;Wognum
1688;Nibbixwoud
1689;Zwaag
1691;Hauwert
1692;Hauwert
1693;Wervershoof
1695;Blokker
1696;Oosterblokker
1697;Schellinkhout
1700;Heerhugowaard
1701;Heerhugowaard
1702;Heerhugowaard
1703;Heerhugowaard
1704;Heerhugowaard
1705;Heerhugowaard
1710;Hensbroek
1711;Hensbroek
1713;Obdam
1715;Spanbroek
1716;Opmeer
1718;Hoogwoud
1719;Aartswoud
1720;Broek op Langedijk
1721;Broek op Langedijk
1722;Zuid Scharwoude
1723;Noord Scharwoude
1724;Oudkarspel
1730;Winkel
1731;Winkel
1732;Lutjewinkel
1733;Nieuwe Niedorp
1734;Oude Niedorp
1735;t Veld
1736;Zijdewind
1738;Waarland
1740;Schagen
1741;Schagen
1742;Schagen
1744;Sint Maarten
1746;Dirkshorn
1747;Tuitjenhorn
1749;Warmenhuizen
1750;Schagerbrug
1751;Schagerbrug
1752;Sint Maartensbrug
1753;Sint Maartensvlotbrug
1754;Burgerbrug
1755;Petten
1756;t Zand
1757;Oudesluis
1759;Callantsoog
1760;Anna Paulowna
1761;Anna Paulowna
1764;Breezand
1766;Wieringerwaard
1767;Kolhorn
1768;Barsingerhorn
1770;Wieringerwerf
1771;Wieringerwerf
1773;Kreileroord
1774;Slootdorp
1775;Middenmeer
1777;Hippolytushoef
1778;Westerland
1779;Den Oever
1780;Den Helder
1781;Den Helder
1782;Den Helder
1783;Den Helder
1784;Den Helder
1785;Den Helder
1786;Den Helder
1787;Den Helder
1788;Den Helder
1790;Den Burg
1791;Den Burg
1792;Oudeschild
1793;De Waal
1794;Oosterend
1795;De Cocksdorp
1796;De Koog
1797;Den Hoorn Texel
1800;Alkmaar
1801;Alkmaar
1802;Alkmaar
1810;Alkmaar
1811;Alkmaar
1812;Alkmaar
1813;Alkmaar
1814;Alkmaar
1815;Alkmaar
1816;Alkmaar
1817;Alkmaar
1821;Alkmaar
1822;Alkmaar
1823;Alkmaar
1824;Alkmaar
1825;Alkmaar
1826;Alkmaar
1827;Alkmaar
1829;Oudorp
1830;Koedijk
1831;Koedijk
1832;Koedijk
1834;Sint Pancras
1840;Stompetoren
1841;Stompetoren
1842;Oterleek
1843;Grootschermer
1844;Driehuizen
1846;Zuidschermer
1847;Zuidschermer
1850;Heiloo
1851;Heiloo
1852;Heiloo
1860;Bergen
1861;Bergen
1862;Bergen
1865;Bergen aan Zee
1870;Schoorl
1871;Schoorl
1873;Groet
1900;Castricum
1901;Castricum
1902;Castricum
1906;Limmen
1910;Uitgeest
1911;Uitgeest
1920;Akersloot
1921;Akersloot
1930;Egmond aan Zee
1931;Egmond aan Zee
1934;Egmond aan de Hoef
1935;Egmond Binnen
1940;Beverwijk
1941;Beverwijk
1942;Beverwijk
1943;Beverwijk
1944;Beverwijk
1945;Beverwijk
1946;Beverwijk
1947;Beverwijk
1948;Beverwijk
1949;Wijk aan Zee
1950;Velsen Noord
1951;Velsen Noord
1960;Heemskerk
1961;Heemskerk
1962;Heemskerk
1963;Heemskerk
1964;Heemskerk
1965;Heemskerk
1966;Heemskerk
1967;Heemskerk
1968;Heemskerk
1969;Heemskerk
1970;IJmuiden
1971;IJmuiden
1972;IJmuiden
1973;IJmuiden
1974;IJmuiden
1975;IJmuiden
1976;IJmuiden
1980;Velsen Zuid
1981;Velsen Zuid
1985;Driehuis
1990;Velserbroek
1991;Velserbroek
1992;Velserbroek
2000;Haarlem
2001;Haarlem
2002;Haarlem
2003;Haarlem
2011;Haarlem
2012;Haarlem
2013;Haarlem
2014;Haarlem
2015;Haarlem
2019;Haarlem
2021;Haarlem
2022;Haarlem
2023;Haarlem
2024;Haarlem
2025;Haarlem
2026;Haarlem
2031;Haarlem
2032;Haarlem
2033;Haarlem
2034;Haarlem
2035;Haarlem
2036;Haarlem
2037;Haarlem
2040;Zandvoort
2041;Zandvoort
2042;Zandvoort
2050;Overveen
2051;Overveen
2060;Bloemendaal
2061;Bloemendaal
2063;Spaarndam West
2064;Spaarndam
2065;Haarlemmerliede
2070;Santpoort Noord
2071;Santpoort Noord
2080;Santpoort Zuid
2082;Santpoort Zuid
2100;Heemstede
2101;Heemstede
2102;Heemstede
2103;Heemstede
2104;Heemstede
2105;Heemstede
2106;Heemstede
2110;Aerdenhout
2111;Aerdenhout
2114;Vogelenzang
2116;Bentveld
2120;Bennebroek
2121;Bennebroek
2130;Hoofddorp
2131;Hoofddorp
2132;Hoofddorp
2133;Hoofddorp
2134;Hoofddorp
2135;Hoofddorp
2136;Zwaanshoek
2140;Vijfhuizen
2141;Vijfhuizen
2142;Cruquius
2143;Boesingheliede
2144;Beinsdorp
2150;Nieuw Vennep
2151;Nieuw Vennep
2152;Nieuw Vennep
2153;Nieuw Vennep
2154;Burgerveen
2155;Leimuiderbrug
2156;Weteringbrug
2157;Abbenes
2158;Buitenkaag
2159;Kaag
2160;Lisse
2161;Lisse
2162;Lisse
2163;Lisse
2165;Lisserbroek
2170;Sassenheim
2171;Sassenheim
2172;Sassenheim
2180;Hillegom
2181;Hillegom
2182;Hillegom
2190;De Zilk
2191;De Zilk
2200;Noordwijk
2201;Noordwijk
2202;Noordwijk
2203;Noordwijk
2204;Noordwijk
2210;Noordwijkerhout
2211;Noordwijkerhout
2215;Voorhout
2220;Katwijk
2221;Katwijk
2222;Katwijk
2223;Katwijk
2224;Katwijk
2225;Katwijk
2230;Rijnsburg
2231;Rijnsburg
2235;Valkenburg
2240;Wassenaar
2241;Wassenaar
2242;Wassenaar
2243;Wassenaar
2244;Wassenaar
2245;Wassenaar
2250;Voorschoten
2251;Voorschoten
2252;Voorschoten
2253;Voorschoten
2254;Voorschoten
2260;Leidschendam
2261;Leidschendam
2262;Leidschendam
2263;Leidschendam
2264;Leidschendam
2265;Leidschendam
2266;Leidschendam
2267;Leidschendam
2270;Voorburg
2271;Voorburg
2272;Voorburg
2273;Voorburg
2274;Voorburg
2275;Voorburg
2280;Rijswijk
2281;Rijswijk
2282;Rijswijk
2283;Rijswijk
2284;Rijswijk
2285;Rijswijk
2286;Rijswijk
2287;Rijswijk
2288;Rijswijk
2289;Rijswijk
2290;Wateringen
2291;Wateringen
2292;Wateringen
2295;Kwintsheul
2300;Leiden
2301;Leiden
2302;Leiden
2303;Leiden
2311;Leiden
2312;Leiden
2313;Leiden
2314;Leiden
2315;Leiden
2316;Leiden
2317;Leiden
2318;Leiden
2321;Leiden
2322;Leiden
2323;Leiden
2324;Leiden
2331;Leiden
2332;Leiden
2333;Leiden
2334;Leiden
2340;Oegstgeest
2341;Oegstgeest
2342;Oegstgeest
2343;Oegstgeest
2350;Leiderdorp
2351;Leiderdorp
2352;Leiderdorp
2353;Leiderdorp
2355;Hoogmade
2360;Warmond
2361;Warmond
2362;Warmond
2370;Roelofarendsveen
2371;Roelofarendsveen
2374;Oud Ade
2375;Rijpwetering
2376;Nieuwe Wetering
2377;Oude Wetering
2380;Zoeterwoude
2381;Zoeterwoude
2382;Zoeterwoude
2390;Hazerswoude Dorp
2391;Hazerswoude Dorp
2394;Hazerswoude Rijndijk
2396;Koudekerk aan den Rijn
2400;Alphen aan den Rijn
2401;Alphen aan den Rijn
2402;Alphen aan den Rijn
2403;Alphen aan den Rijn
2404;Alphen aan den Rijn
2405;Alphen aan den Rijn
2406;Alphen aan den Rijn
2407;Alphen aan den Rijn
2408;Alphen aan den Rijn
2409;Alphen aan den Rijn
2410;Bodegraven
2411;Bodegraven
2415;Nieuwerbrug
2420;Nieuwkoop
2421;Nieuwkoop
2430;Noorden
2431;Noorden
2432;Noorden
2435;Zevenhoven
2440;Nieuwveen
2441;Nieuwveen
2445;Aarlanderveen
2450;Leimuiden
2451;Leimuiden
2460;Ter Aar
2461;Ter Aar
2465;Rijnsaterwoude
2470;Zwammerdam
2471;Zwammerdam
2480;Woubrugge
2481;Woubrugge
2490;Den Haag
2491;Den Haag
2492;Den Haag
2493;Den Haag
2495;Den Haag
2496;Den Haag
2497;Den Haag
2498;Den Haag
2500;Den Haag
2501;Den Haag
2502;Den Haag
2503;Den Haag
2504;Den Haag
2505;Den Haag
2506;Den Haag
2507;Den Haag
2508;Den Haag
2509;Den Haag
2511;Den Haag
2512;Den Haag
2513;Den Haag
2514;Den Haag
2515;Den Haag
2516;Den Haag
2517;Den Haag
2518;Den Haag
2521;Den Haag
2522;Den Haag
2523;Den Haag
2524;Den Haag
2525;Den Haag
2526;Den Haag
2531;Den Haag
2532;Den Haag
2533;Den Haag
2541;Den Haag
2542;Den Haag
2543;Den Haag
2544;Den Haag
2545;Den Haag
2546;Den Haag
2547;Den Haag
2548;Den Haag
2551;Den Haag
2552;Den Haag
2553;Den Haag
2554;Den Haag
2555;Den Haag
2561;Den Haag
2562;Den Haag
2563;Den Haag
2564;Den Haag
2565;Den Haag
2566;Den Haag
2571;Den Haag
2572;Den Haag
2573;Den Haag
2574;Den Haag
2581;Den Haag
2582;Den Haag
2583;Den Haag
2584;Den Haag
2585;Den Haag
2586;Den Haag
2587;Den Haag
2591;Den Haag
2592;Den Haag
2593;Den Haag
2594;Den Haag
2595;Den Haag
2596;Den Haag
2597;Den Haag
2600;Delft
2601;Delft
2611;Delft
2612;Delft
2613;Delft
2614;Delft
2616;Delft
2622;Delft
2623;Delft
2624;Delft
2625;Delft
2626;Delft
2627;Delft
2628;Delft
2629;Delft
2630;Nootdorp
2631;Nootdorp
2632;Nootdorp
2635;Den Hoorn
2636;Schipluiden
2640;Pijnacker
2641;Pijnacker
2642;Pijnacker
2645;Delfgauw
2650;Berkel en Rodenrijs
2651;Berkel en Rodenrijs
2652;Berkel en Rodenrijs
2660;Bergschenhoek
2661;Bergschenhoek
2662;Bergschenhoek
2665;Bleiswijk
2670;Naaldwijk
2671;Naaldwijk
2672;Naaldwijk
2673;Naaldwijk
2675;Honselersdijk
2676;Maasdijk
2678;De Lier
2680;Monster
2681;Monster
2684;Ter Heijde
2685;Poeldijk
2690;s Gravenzande
2691;s Gravenzande
2692;s Gravenzande
2693;s Gravenzande
2694;s Gravenzande
2700;Zoetermeer
2701;Zoetermeer
2702;Zoetermeer
2711;Zoetermeer
2712;Zoetermeer
2713;Zoetermeer
2715;Zoetermeer
2716;Zoetermeer
2717;Zoetermeer
2718;Zoetermeer
2719;Zoetermeer
2721;Zoetermeer
2722;Zoetermeer
2723;Zoetermeer
2724;Zoetermeer
2725;Zoetermeer
2726;Zoetermeer
2727;Zoetermeer
2728;Zoetermeer
2729;Zoetermeer
2730;Benthuizen
2731;Benthuizen
2735;Gelderswoude
2740;Waddinxveen
2741;Waddinxveen
2742;Waddinxveen
2743;Waddinxveen
2750;Moerkapelle
2751;Moerkapelle
2752;Moerkapelle
2760;Zevenhuizen
2761;Zevenhuizen
2770;Boskoop
2771;Boskoop
2800;Gouda
2801;Gouda
2802;Gouda
2803;Gouda
2804;Gouda
2805;Gouda
2806;Gouda
2807;Gouda
2808;Gouda
2809;Gouda
2810;Reeuwijk
2811;Reeuwijk
2820;Stolwijk
2821;Stolwijk
2825;Berkenwoude
2830;Gouderak
2831;Gouderak
2840;Moordrecht
2841;Moordrecht
2850;Haastrecht
2851;Haastrecht
2855;Vlist
2860;Bergambacht
2861;Bergambacht
2865;Ammerstol
2870;Schoonhoven
2871;Schoonhoven
2900;Capelle aan den IJssel
2901;Capelle aan den IJssel
2902;Capelle aan den IJssel
2903;Capelle aan den IJssel
2904;Capelle aan den IJssel
2905;Capelle aan den IJssel
2906;Capelle aan den IJssel
2907;Capelle aan den IJssel
2908;Capelle aan den IJssel
2909;Capelle aan den IJssel
2910;Nieuwerkerk aan den IJssel
2911;Nieuwerkerk aan den IJssel
2912;Nieuwerkerk aan den IJssel
2913;Nieuwerkerk aan den IJssel
2914;Nieuwerkerk aan den IJssel
2920;Krimpen aan den IJssel
2921;Krimpen aan den IJssel
2922;Krimpen aan den IJssel
2923;Krimpen aan den IJssel
2924;Krimpen aan den IJssel
2925;Krimpen aan den IJssel
2926;Krimpen aan den IJssel
2930;Krimpen aan de Lek
2931;Krimpen aan de Lek
2935;Ouderkerk aan den IJssel
2940;Lekkerkerk
2941;Lekkerkerk
2950;Alblasserdam
2951;Alblasserdam
2952;Alblasserdam
2953;Alblasserdam
2954;Alblasserdam
2957;Nieuw Lekkerland
2959;Streefkerk
2960;Kinderdijk
2961;Kinderdijk
2964;Groot Ammers
2965;Nieuwpoort
2967;Langerak
2968;Waal
2969;Oud Alblas
2970;Bleskensgraaf Ca
2971;Bleskensgraaf Ca
2973;Molenaarsgraaf
2974;Brandwijk
2975;Ottoland
2977;Goudriaan
2980;Ridderkerk
2981;Ridderkerk
2982;Ridderkerk
2983;Ridderkerk
2984;Ridderkerk
2985;Ridderkerk
2986;Ridderkerk
2987;Ridderkerk
2988;Ridderkerk
2989;Ridderkerk
2990;Barendrecht
2991;Barendrecht
2992;Barendrecht
2993;Barendrecht
2994;Barendrecht
2995;Heerjansdam
3000;Rotterdam
3001;Rotterdam
3002;Rotterdam
3003;Rotterdam
3004;Rotterdam
3005;Rotterdam
3006;Rotterdam
3007;Rotterdam
3008;Rotterdam
3009;Rotterdam
3011;Rotterdam
3012;Rotterdam
3013;Rotterdam
3014;Rotterdam
3015;Rotterdam
3016;Rotterdam
3021;Rotterdam
3022;Rotterdam
3023;Rotterdam
3024;Rotterdam
3025;Rotterdam
3026;Rotterdam
3027;Rotterdam
3028;Rotterdam
3029;Rotterdam
3031;Rotterdam
3032;Rotterdam
3033;Rotterdam
3034;Rotterdam
3035;Rotterdam
3036;Rotterdam
3037;Rotterdam
3038;Rotterdam
3039;Rotterdam
3041;Rotterdam
3042;Rotterdam
3043;Rotterdam
3044;Rotterdam
3045;Rotterdam
3046;Rotterdam
3047;Rotterdam
3051;Rotterdam
3052;Rotterdam
3053;Rotterdam
3054;Rotterdam
3055;Rotterdam
3056;Rotterdam
3059;Rotterdam
3061;Rotterdam
3062;Rotterdam
3063;Rotterdam
3064;Rotterdam
3065;Rotterdam
3066;Rotterdam
3067;Rotterdam
3068;Rotterdam
3069;Rotterdam
3071;Rotterdam
3072;Rotterdam
3073;Rotterdam
3074;Rotterdam
3075;Rotterdam
3076;Rotterdam
3077;Rotterdam
3078;Rotterdam
3079;Rotterdam
3081;Rotterdam
3082;Rotterdam
3083;Rotterdam
3084;Rotterdam
3085;Rotterdam
3086;Rotterdam
3087;Rotterdam
3088;Rotterdam
3089;Rotterdam
3100;Schiedam
3101;Schiedam
3102;Schiedam
3111;Schiedam
3112;Schiedam
3113;Schiedam
3114;Schiedam
3115;Schiedam
3116;Schiedam
3117;Schiedam
3118;Schiedam
3119;Schiedam
3121;Schiedam
3122;Schiedam
3123;Schiedam
3124;Schiedam
3125;Schiedam
3130;Vlaardingen
3131;Vlaardingen
3132;Vlaardingen
3133;Vlaardingen
3134;Vlaardingen
3135;Vlaardingen
3136;Vlaardingen
3137;Vlaardingen
3138;Vlaardingen
3140;Maassluis
3141;Maassluis
3142;Maassluis
3143;Maassluis
3144;Maassluis
3145;Maassluis
3146;Maassluis
3147;Maassluis
3150;Hoek Van Holland
3151;Hoek Van Holland
3155;Maasland
3160;Rhoon
3161;Rhoon
3162;Rhoon
3165;Rotterdam Albrandswaard
3170;Poortugaal
3171;Poortugaal
3172;Poortugaal
3176;Poortugaal
3180;Rozenburg
3181;Rozenburg
3190;Hoogvliet Rotterdam
3191;Hoogvliet Rotterdam
3192;Hoogvliet Rotterdam
3193;Hoogvliet Rotterdam
3194;Hoogvliet Rotterdam
3195;Pernis Rotterdam
3196;Vondelingenplaat Rotterdam
3197;Botlek Rotterdam
3198;Europoort Rotterdam
3199;Maasvlakte Rotterdam
3200;Spijkenisse
3201;Spijkenisse
3202;Spijkenisse
3203;Spijkenisse
3204;Spijkenisse
3205;Spijkenisse
3206;Spijkenisse
3207;Spijkenisse
3208;Spijkenisse
3209;Hekelingen
3211;Geervliet
3212;Simonshaven
3214;Zuidland
3216;Abbenbroek
3218;Heenvliet
3220;Hellevoetsluis
3221;Hellevoetsluis
3222;Hellevoetsluis
3223;Hellevoetsluis
3224;Hellevoetsluis
3225;Hellevoetsluis
3227;Oudenhoorn
3230;Brielle
3231;Brielle
3232;Brielle
3233;Oostvoorne
3234;Tinte
3235;Rockanje
3237;Vierpolders
3238;Zwartewaal
3240;Middelharnis
3241;Middelharnis
3243;Stad Aan Het Haringvliet
3244;Nieuwe Tonge
3245;Sommelsdijk
3247;Dirksland
3248;Melissant
3249;Herkingen
3250;Stellendam
3251;Stellendam
3252;Goedereede
3253;Ouddorp
3255;Oude Tonge
3256;Achthuizen
3257;Ooltgensplaat
3258;Den Bommel
3260;Oud Beijerland
3261;Oud Beijerland
3262;Oud Beijerland
3263;Oud Beijerland
3264;Nieuw Beijerland
3265;Piershil
3267;Goudswaard
3270;Mijnsheerenland
3271;Mijnsheerenland
3273;Westmaas
3274;Heinenoord
3280;Numansdorp
3281;Numansdorp
3284;Zuid Beijerland
3286;Klaaswaal
3290;Strijen
3291;Strijen
3292;Strijensas
3293;Mookhoek
3295;s Gravendeel
3297;Puttershoek
3299;Maasdam
3300;Dordrecht
3301;Dordrecht
3311;Dordrecht
3312;Dordrecht
3313;Dordrecht
3314;Dordrecht
3315;Dordrecht
3316;Dordrecht
3317;Dordrecht
3318;Dordrecht
3319;Dordrecht
3328;Dordrecht
3329;Dordrecht
3330;Zwijndrecht
3331;Zwijndrecht
3332;Zwijndrecht
3333;Zwijndrecht
3334;Zwijndrecht
3335;Zwijndrecht
3336;Zwijndrecht
3340;Hendrik Ido Ambacht
3341;Hendrik Ido Ambacht
3342;Hendrik Ido Ambacht
3343;Hendrik Ido Ambacht
3344;Hendrik Ido Ambacht
3350;Papendrecht
3351;Papendrecht
3352;Papendrecht
3353;Papendrecht
3354;Papendrecht
3355;Papendrecht
3356;Papendrecht
3360;Sliedrecht
3361;Sliedrecht
3362;Sliedrecht
3363;Sliedrecht
3364;Sliedrecht
3366;Wijngaarden
3370;Hardinxveld Giessendam
3371;Hardinxveld Giessendam
3372;Hardinxveld Giessendam
3373;Hardinxveld Giessendam
3380;Giessenburg
3381;Giessenburg
3400;IJsselstein
3401;IJsselstein
3402;IJsselstein
3403;IJsselstein
3404;IJsselstein
3405;Benschop
3410;Lopik
3411;Lopik
3412;Lopikerkapel
3413;Jaarsveld
3415;Polsbroek
3417;Montfoort
3420;Oudewater
3421;Oudewater
3425;Snelrewaard
3430;Nieuwegein
3431;Nieuwegein
3432;Nieuwegein
3433;Nieuwegein
3434;Nieuwegein
3435;Nieuwegein
3436;Nieuwegein
3437;Nieuwegein
3438;Nieuwegein
3439;Nieuwegein
3440;Woerden
3441;Woerden
3442;Woerden
3443;Woerden
3444;Woerden
3445;Woerden
3446;Woerden
3447;Woerden
3448;Woerden
3449;Woerden
3450;Vleuten
3451;Vleuten
3452;Vleuten
3453;De Meern
3454;De Meern
3455;Haarzuilens
3460;Linschoten
3461;Linschoten
3464;Papekop
3465;Driebruggen
3466;Waarder
3467;Hekendorp
3470;Kamerik
3471;Kamerik
3474;Zegveld
3480;Harmelen
3481;Harmelen
3500;Utrecht
3501;Utrecht
3502;Utrecht
3503;Utrecht
3504;Utrecht
3505;Utrecht
3506;Utrecht
3507;Utrecht
3508;Utrecht
3509;Utrecht
3511;Utrecht
3512;Utrecht
3513;Utrecht
3514;Utrecht
3515;Utrecht
3521;Utrecht
3522;Utrecht
3523;Utrecht
3524;Utrecht
3525;Utrecht
3526;Utrecht
3527;Utrecht
3528;Utrecht
3531;Utrecht
3532;Utrecht
3533;Utrecht
3534;Utrecht
3540;Utrecht
3541;Utrecht
3542;Utrecht
3543;Utrecht
3544;Utrecht
3545;Utrecht
3546;Utrecht
3551;Utrecht
3552;Utrecht
3553;Utrecht
3554;Utrecht
3555;Utrecht
3561;Utrecht
3562;Utrecht
3563;Utrecht
3564;Utrecht
3565;Utrecht
3566;Utrecht
3571;Utrecht
3572;Utrecht
3573;Utrecht
3581;Utrecht
3582;Utrecht
3583;Utrecht
3584;Utrecht
3585;Utrecht
3600;Maarssen
3601;Maarssen
3602;Maarssen
3603;Maarssen
3604;Maarssen
3605;Maarssen
3606;Maarssen
3607;Maarssen
3608;Maarssen
3611;Oud Zuilen
3612;Tienhoven
3615;Westbroek
3620;Breukelen
3621;Breukelen
3625;Breukeleveen
3626;Nieuwer Ter Aa
3628;Kockengen
3630;Nieuwersluis
3631;Nieuwersluis
3632;Loenen aan de Vecht
3633;Vreeland
3634;Loenersloot
3640;Mijdrecht
3641;Mijdrecht
3642;Mijdrecht
3643;Mijdrecht
3645;Vinkeveen
3646;Waverveen
3648;Wilnis
3651;Woerdense Verlaat
3652;Woerdense Verlaat
3653;Woerdense Verlaat
3700;Zeist
3701;Zeist
3702;Zeist
3703;Zeist
3704;Zeist
3705;Zeist
3706;Zeist
3707;Zeist
3708;Zeist
3709;Zeist
3710;Austerlitz
3711;Austerlitz
3712;Huis Ter Heide
3720;Bilthoven
3721;Bilthoven
3722;Bilthoven
3723;Bilthoven
3730;De Bilt
3731;De Bilt
3732;De Bilt
3734;Den Dolder
3735;Bosch en Duin
3737;Groenekan
3738;Maartensdijk
3739;Hollandsche Rading
3740;Baarn
3741;Baarn
3742;Baarn
3743;Baarn
3744;Baarn
3749;Lage Vuursche
3750;Bunschoten Spakenburg
3751;Bunschoten Spakenburg
3752;Bunschoten Spakenburg
3754;Eemdijk
3755;Eemnes
3760;Soest
3761;Soest
3762;Soest
3763;Soest
3764;Soest
3765;Soest
3766;Soest
3768;Soest
3769;Soesterberg
3770;Barneveld
3771;Barneveld
3772;Barneveld
3773;Barneveld
3774;Kootwijkerbroek
3775;Kootwijk
3776;Stroe
3780;Voorthuizen
3781;Voorthuizen
3784;Terschuur
3785;Zwartebroek
3790;Achterveld
3791;Achterveld
3792;Achterveld
3794;De Glind
3800;Amersfoort
3802;Amersfoort
3811;Amersfoort
3812;Amersfoort
3813;Amersfoort
3814;Amersfoort
3815;Amersfoort
3816;Amersfoort
3817;Amersfoort
3818;Amersfoort
3819;Amersfoort
3821;Amersfoort
3822;Amersfoort
3823;Amersfoort
3824;Amersfoort
3825;Amersfoort
3826;Amersfoort
3828;Hoogland
3829;Hooglanderveen
3830;Leusden
3831;Leusden
3832;Leusden
3833;Leusden
3834;Leusden
3835;Stoutenburg
3836;Stoutenburg Noord
3840;Harderwijk
3841;Harderwijk
3842;Harderwijk
3843;Harderwijk
3844;Harderwijk
3845;Harderwijk
3846;Harderwijk
3847;Harderwijk
3848;Harderwijk
3849;Hierden
3850;Ermelo
3851;Ermelo
3852;Ermelo
3853;Ermelo
3860;Nijkerk
3861;Nijkerk
3862;Nijkerk
3863;Nijkerk
3864;Nijkerkerveen
3870;Hoevelaken
3871;Hoevelaken
3880;Putten
3881;Putten
3882;Putten
3886;Garderen
3888;Uddel
3890;Zeewolde
3891;Zeewolde
3892;Zeewolde
3893;Zeewolde
3894;Zeewolde
3896;Zeewolde
3897;Zeewolde
3898;Zeewolde
3899;Zeewolde
3900;Veenendaal
3901;Veenendaal
3902;Veenendaal
3903;Veenendaal
3904;Veenendaal
3905;Veenendaal
3906;Veenendaal
3907;Veenendaal
3910;Rhenen
3911;Rhenen
3912;Rhenen
3920;Elst
3921;Elst
3922;Elst
3925;Scherpenzeel
3927;Renswoude
3930;Woudenberg
3931;Woudenberg
3940;Doorn
3941;Doorn
3945;Cothen
3947;Langbroek
3950;Maarn
3951;Maarn
3953;Maarsbergen
3956;Leersum
3958;Amerongen
3959;Overberg
3960;Wijk bij Duurstede
3961;Wijk bij Duurstede
3962;Wijk bij Duurstede
3970;Driebergen Rijsenburg
3971;Driebergen Rijsenburg
3972;Driebergen Rijsenburg
3980;Bunnik
3981;Bunnik
3984;Odijk
3985;Werkhoven
3989;Ossenwaard
3990;Houten
3991;Houten
3992;Houten
3993;Houten
3994;Houten
3995;Houten
3997;t Goij
3998;Schalkwijk
3999;Tull en t Waal
4000;Tiel
4001;Tiel
4002;Tiel
4003;Tiel
4004;Tiel
4005;Tiel
4006;Tiel
4007;Tiel
4010;Zoelen
4011;Zoelen
4012;Kerk Avezaath Gemeente Buren
4013;Kapel Avezaath Gemeente Tiel
4014;Wadenoijen
4016;Kapel Avezaath Gemeente Buren
4017;Kerk Avezaath Gemeente Tiel
4020;Maurik
4021;Maurik
4023;Rijswijk
4024;Eck en Wiel
4030;Ingen
4031;Ingen
4032;Ommeren
4033;Lienden
4040;Kesteren
4041;Kesteren
4043;Opheusden
4050;Ochten
4051;Ochten
4053;IJzendoorn
4054;Echteld
4060;Ophemert
4061;Ophemert
4062;Zennewijnen
4063;Heesselt
4064;Varik
4100;Culemborg
4101;Culemborg
4102;Culemborg
4103;Culemborg
4104;Culemborg
4105;Culemborg
4106;Culemborg
4107;Culemborg
4110;Zoelmond
4111;Zoelmond
4112;Beusichem
4115;Asch
4116;Buren
4117;Erichem
4119;Ravenswaaij
4120;Everdingen
4121;Everdingen
4122;Zijderveld
4124;Hagestein
4126;Hei en Boeicop
4128;Lexmond
4130;Vianen
4131;Vianen
4132;Vianen
4133;Vianen
4140;Leerdam
4141;Leerdam
4142;Leerdam
4143;Leerdam
4145;Schoonrewoerd
4147;Asperen
4150;Acquoij
4151;Acquoij
4152;Rhenoij
4153;Beesd
4155;Gellicum
4156;Rumpt
4157;Enspijk
4158;Deil
4160;Heukelum
4161;Heukelum
4163;Oosterwijk
4170;Herwijnen
4171;Herwijnen
4174;Hellouw
4175;Haaften
4176;Tuil
4180;Waardenburg
4181;Waardenburg
4182;Neerijnen
4184;Opijnen
4185;Est
4190;Geldermalsen
4191;Geldermalsen
4194;Meteren
4196;Tricht
4197;Buurmalsen
4200;Gorinchem
4201;Gorinchem
4202;Gorinchem
4203;Gorinchem
4204;Gorinchem
4205;Gorinchem
4206;Gorinchem
4207;Gorinchem
4209;Schelluinen
4211;Spijk Gemeente Lingewaal
4212;Spijk Gemeente Lingewaal
4213;Dalem
4214;Vuren
4220;Hoogblokland
4221;Hoogblokland
4223;Hoornaar
4225;Noordeloos
4230;Meerkerk
4231;Meerkerk
4233;Ameide
4235;Tienhoven
4240;Arkel
4241;Arkel
4243;Nieuwland
4245;Leerbroek
4247;Kedichem
4250;Werkendam
4251;Werkendam
4254;Sleeuwijk
4255;Nieuwendijk
4260;Wijk en Aalburg
4261;Wijk en Aalburg
4264;Veen
4265;Genderen
4266;Eethen
4267;Drongelen
4268;Meeuwen
4269;Babylonienbroek
4270;Dussen
4271;Dussen
4273;Hank
4280;Andel
4281;Andel
4283;Giessen
4284;Rijswijk
4285;Woudrichem
4286;Almkerk
4287;Waardhuizen
4288;Uitwijk
4300;Zierikzee
4301;Zierikzee
4302;Zierikzee
4303;Zierikzee
4305;Ouwerkerk
4306;Nieuwerkerk
4307;Oosterland
4308;Sirjansland
4310;Bruinisse
4311;Bruinisse
4315;Dreischor
4316;Zonnemaire
4317;Noordgouwe
4318;Brouwershaven
4321;Kerkwerve
4322;Scharendijke
4323;Ellemeet
4325;Renesse
4326;Noordwelle
4327;Serooskerke Schouw
4328;Burgh Haamstede
4330;Middelburg
4331;Middelburg
4332;Middelburg
4333;Middelburg
4334;Middelburg
4335;Middelburg
4336;Middelburg
4337;Middelburg
4338;Middelburg
4339;Nieuw en Sint Joosland
4340;Arnemuiden
4341;Arnemuiden
4350;Veere
4351;Veere
4352;Gapinge
4353;Serooskerke Walcheren
4354;Vrouwenpolder
4356;Oostkapelle
4357;Domburg
4360;Westkapelle
4361;Westkapelle
4363;Aagtekerke
4364;Grijpskerke
4365;Meliskerke
4370;Koudekerke
4371;Koudekerke
4373;Biggekerke
4374;Zoutelande
4380;Vlissingen
4381;Vlissingen
4382;Vlissingen
4383;Vlissingen
4384;Vlissingen
4385;Vlissingen
4386;Vlissingen
4387;Vlissingen
4388;Oost Souburg
4389;Ritthem
4400;Yerseke
4401;Yerseke
4410;Rilland
4411;Rilland
4413;Krabbendijke
4414;Waarde
4415;Oostdijk
4416;Kruiningen
4417;Hansweert
4420;Kapelle
4421;Kapelle
4423;Schore
4424;Wemeldinge
4430;s Gravenpolder
4431;s Gravenpolder
4433;Hoedekenskerke
4434;Kwadendamme
4435;Baarland
4436;Oudelande
4437;Ellewoutsdijk
4438;Driewegen
4440;Ovezande
4441;Ovezande
4443;Nisse
4444;s Heer Abtskerke
4450;Heinkenszand
4451;Heinkenszand
4453;s Heerenhoek
4454;Borssele
4455;Nieuwdorp Zld
4456;Lewedorp
4458;s Heer Arendskerke
4460;Goes
4461;Goes
4462;Goes
4463;Goes
4464;Goes
4465;Goes
4470;Wolphaartsdijk
4471;Wolphaartsdijk
4472;s Heer Hendriks Kinderderen
4474;Kattendijke
4475;Wilhelminadorp
4481;Kloetinge
4482;Kloetinge
4484;Kortgene
4485;Kats
4486;Colijnsplaat
4490;Wissenkerke
4491;Wissenkerke
4493;Kamperland
4494;Geersdijk
4500;Oostburg
4501;Oostburg
4503;Groede
4504;Nieuwvliet
4505;Zuidzande
4506;Cadzand
4507;Schoondijke
4508;Waterlandkerkje
4510;Breskens
4511;Breskens
4513;Hoofdplaat
4515;IJzendijke
4520;Biervliet
4521;Biervliet
4522;Biervliet
4524;Sluis
4525;Retranchement
4527;Aardenburg
4528;Sint Kruis
4529;Eede Zld
4530;Terneuzen
4531;Terneuzen
4532;Terneuzen
4533;Terneuzen
4535;Terneuzen
4536;Terneuzen
4537;Terneuzen
4538;Terneuzen
4539;Spui
4540;Sluiskil
4541;Sluiskil
4542;Hoek
4543;Zaamslag
4550;Sas Van Gent
4551;Sas Van Gent
4553;Philippine
4554;Westdorpe
4560;Hulst
4561;Hulst
4562;Hulst
4564;Sint Jansteen
4565;Kapellebrug
4566;Heikant
4567;Clinge
4568;Nieuw Namen
4569;Graauw
4570;Axel
4571;Axel
4574;Zuiddorpe
4575;Overslag
4576;Koewacht
4580;Vogelwaarde
4581;Vogelwaarde
4583;Terhole
4584;Kuitaart
4585;Hengstdijk
4586;Lamswaarde
4587;Kloosterzande
4588;Walsoorden
4589;Ossenisse
4600;Bergen op Zoom
4601;Bergen op Zoom
4602;Bergen op Zoom
4611;Bergen op Zoom
4612;Bergen op Zoom
4613;Bergen op Zoom
4614;Bergen op Zoom
4615;Bergen op Zoom
4616;Bergen op Zoom
4617;Bergen op Zoom
4621;Bergen op Zoom
4622;Bergen op Zoom
4623;Bergen op Zoom
4624;Bergen op Zoom
4625;Bergen op Zoom
4630;Hoogerheide
4631;Hoogerheide
4634;Woensdrecht
4635;Huijbergen
4640;Ossendrecht
4641;Ossendrecht
4645;Putte
4650;Steenbergen
4651;Steenbergen
4652;Steenbergen
4655;De Heen
4660;Halsteren
4661;Halsteren
4664;Lepelstraat
4670;Dinteloord
4671;Dinteloord
4675;Sint Philipsland
4680;Nieuw Vossemeer
4681;Nieuw Vossemeer
4690;Tholen
4691;Tholen
4693;Poortvliet
4694;Scherpenisse
4695;Sint Maartensdijk
4696;Stavenisse
4697;Sint Annaland
4698;Oud Vossemeer
4700;Roosendaal
4701;Roosendaal
4702;Roosendaal
4703;Roosendaal
4704;Roosendaal
4705;Roosendaal
4706;Roosendaal
4707;Roosendaal
4708;Roosendaal
4709;Nispen
4710;Sint Willebrord
4711;Sint Willebrord
4714;Sprundel
4715;Rucphen
4720;Schijf
4721;Schijf
4722;Schijf
4724;Wouw
4725;Wouwse Plantage
4726;Heerle
4727;Moerstraten
4730;Oudenbosch
4731;Oudenbosch
4735;Zegge
4740;Hoeven
4741;Hoeven
4744;Bosschenhoofd
4750;Oud Gastel
4751;Oud Gastel
4754;Stampersgat
4756;Kruisland
4758;Standdaarbuiten
4760;Zevenbergen
4761;Zevenbergen
4762;Zevenbergen
4765;Zevenbergschen Hoek
4766;Zevenberg Hoek Gemeente Drimmelen
4770;Langeweg
4771;Langeweg
4772;Langeweg
4780;Moerdijk
4781;Moerdijk
4782;Moerdijk
4790;Klundert
4791;Klundert
4793;Fijnaart
4794;Heijningen
4796;Oudemolen
4797;Willemstad
4800;Breda
4801;Breda
4802;Breda
4803;Breda
4811;Breda
4812;Breda
4813;Breda
4814;Breda
4815;Breda
4816;Breda
4817;Breda
4818;Breda
4819;Breda
4820;Breda
4822;Breda
4823;Breda
4824;Breda
4825;Breda
4826;Breda
4827;Breda
4834;Breda
4835;Breda
4836;Breda
4837;Breda
4838;Breda
4839;Breda
4840;Prinsenbeek
4841;Prinsenbeek
4844;Terheijden
4845;Wagenberg
4847;Teteringen
4849;Dorst
4850;Ulvenhout
4851;Ulvenhout
4854;Bavel
4855;Galder
4856;Strijbeek
4858;Ulvenhout Ac
4859;Bavel Ac
4860;Chaam
4861;Chaam
4870;Etten Leur
4871;Etten Leur
4872;Etten Leur
4873;Etten Leur
4874;Etten Leur
4875;Etten Leur
4876;Etten Leur
4877;Etten Leur
4878;Etten Leur
4879;Etten Leur
4880;Zundert
4881;Zundert
4882;Zundert
4884;Wernhout
4885;Achtmaal
4890;Rijsbergen
4891;Rijsbergen
4900;Oosterhout
4901;Oosterhout
4902;Oosterhout
4903;Oosterhout
4904;Oosterhout
4905;Oosterhout
4906;Oosterhout
4907;Oosterhout
4908;Oosterhout
4909;Oosteind
4911;Den Hout
4920;Made
4921;Made
4924;Drimmelen
4926;Lage Zwaluwe
4927;Hooge Zwaluwe
4930;Geertruidenberg
4931;Geertruidenberg
4940;Raamsdonksveer
4941;Raamsdonksveer
4942;Raamsdonksveer
4944;Raamsdonk
5000;Tilburg
5001;Tilburg
5003;Tilburg
5004;Tilburg
5011;Tilburg
5012;Tilburg
5013;Tilburg
5014;Tilburg
5015;Tilburg
5017;Tilburg
5018;Tilburg
5021;Tilburg
5022;Tilburg
5025;Tilburg
5026;Tilburg
5032;Tilburg
5035;Tilburg
5036;Tilburg
5037;Tilburg
5038;Tilburg
5041;Tilburg
5042;Tilburg
5043;Tilburg
5044;Tilburg
5045;Tilburg
5046;Tilburg
5047;Tilburg
5048;Tilburg
5049;Tilburg
5050;Goirle
5051;Goirle
5052;Goirle
5053;Goirle
5056;Berkel Enschot
5059;Heukelom
5060;Oisterwijk
5061;Oisterwijk
5062;Oisterwijk
5063;Oisterwijk
5066;Moergestel
5070;Udenhout
5071;Udenhout
5074;Biezenmortel
5076;Haaren
5080;Hilvarenbeek
5081;Hilvarenbeek
5084;Biest Houtakker
5085;Esbeek
5087;Diessen
5089;Haghorst
5090;Oost West Middelbeers
5091;Oost West Middelbeers
5094;Lage Mierde
5095;Hooge Mierde
5096;Hulsel
5100;Dongen
5101;Dongen
5102;Dongen
5103;Dongen
5104;Dongen
5105;Dongen
5106;Dongen
5107;Dongen
5109;s Gravenmoer
5110;Baarle Nassau
5111;Baarle Nassau
5113;Ulicoten
5114;Castelre
5120;Rijen
5121;Rijen
5122;Rijen
5124;Molenschot
5125;Hulten
5126;Gilze
5130;Alphen
5131;Alphen
5133;Riel
5140;Waalwijk
5141;Waalwijk
5142;Waalwijk
5143;Waalwijk
5144;Waalwijk
5145;Waalwijk
5146;Waalwijk
5150;Drunen
5151;Drunen
5152;Drunen
5154;Elshout
5160;Sprang Capelle
5161;Sprang Capelle
5165;Waspik
5170;Kaatsheuvel
5171;Kaatsheuvel
5172;Kaatsheuvel
5175;Loon Op Zand
5176;De Moer
5200;Den Bosch
5201;Den Bosch
5202;Den Bosch
5203;Den Bosch
5211;Den Bosch
5212;Den Bosch
5213;Den Bosch
5215;Den Bosch
5216;Den Bosch
5221;Den Bosch
5222;Den Bosch
5223;Den Bosch
5224;Den Bosch
5231;Den Bosch
5232;Den Bosch
5233;Den Bosch
5234;Den Bosch
5235;Den Bosch
5236;Den Bosch
5237;Den Bosch
5240;Rosmalen
5241;Rosmalen
5242;Rosmalen
5243;Rosmalen
5244;Rosmalen
5245;Rosmalen
5246;Rosmalen
5247;Rosmalen
5248;Rosmalen
5249;Rosmalen
5250;Vlijmen
5251;Vlijmen
5252;Vlijmen
5253;Nieuwkuijk
5254;Haarsteeg
5256;Heusden Gemeente Heusden
5258;Berlicum
5260;Vught
5261;Vught
5262;Vught
5263;Vught
5264;Vught
5266;Cromvoirt
5268;Helvoirt
5270;Sint Michielsgestel
5271;Sint Michielsgestel
5272;Sint Michielsgestel
5275;Den Dungen
5280;Boxtel
5281;Boxtel
5282;Boxtel
5283;Boxtel
5290;Gemonde
5291;Gemonde
5292;Gemonde
5293;Gemonde
5294;Gemonde
5296;Esch
5298;Liempde
5300;Zaltbommel
5301;Zaltbommel
5302;Zaltbommel
5305;Zuilichem
5306;Brakel
5307;Poederoijen
5308;Aalst
5310;Gameren
5311;Gameren
5313;Nieuwaal
5314;Bruchem
5315;Kerkwijk
5316;Delwijnen
5317;Nederhemert
5318;Bern
5320;Hedel
5321;Hedel
5324;Ammerzoden
5325;Well
5327;Hurwenen
5328;Rossum
5330;Kerkdriel
5331;Kerkdriel
5333;Hoenzadriel
5334;Velddriel
5335;Alem
5340;Oss
5341;Oss
5342;Oss
5343;Oss
5344;Oss
5345;Oss
5346;Oss
5347;Oss
5348;Oss
5349;Oss
5350;Berghem
5351;Berghem
5360;Grave
5361;Grave
5363;Velp
5364;Escharen
5366;Megen
5367;Macharen
5368;Haren
5370;Ravenstein
5371;Ravenstein
5373;Herpen
5374;Schaijk
5375;Reek
5381;Vinkel
5382;Vinkel
5383;Vinkel
5384;Heesch
5386;Geffen
5388;Nistelrode
5390;Nuland
5391;Nuland
5392;Nuland
5394;Oijen
5395;Teeffelen
5396;Lithoijen
5397;Lith
5398;Maren Kessel
5400;Uden
5401;Uden
5402;Uden
5403;Uden
5404;Uden
5405;Uden
5406;Uden
5408;Volkel
5409;Odiliapeel
5410;Zeeland
5411;Zeeland
5420;Gemert
5421;Gemert
5422;Gemert
5423;Handel
5424;Elsendorp
5425;De Mortel
5427;Boekel
5428;Venhorst
5430;Cuijk
5431;Cuijk
5432;Cuijk
5433;Katwijk
5434;Vianen
5435;Sint Agatha
5437;Beers
5438;Gassel
5439;Linden
5440;Oeffelt
5441;Oeffelt
5443;Haps
5445;Landhorst
5446;Wanroij
5447;Rijkevoort
5449;Rijkevoort Walsert
5450;Mill
5451;Mill
5453;Langenboom
5454;Sint Hubert
5455;Wilbertoord
5460;Veghel
5461;Veghel
5462;Veghel
5463;Veghel
5464;Veghel
5465;Veghel
5466;Veghel
5467;Veghel
5469;Erp
5471;Loosbroek
5472;Loosbroek
5473;Heeswijk Dinther
5476;Vorstenbosch
5480;Schijndel
5481;Schijndel
5482;Schijndel
5490;Sint Oedenrode
5491;Sint Oedenrode
5492;Sint Oedenrode
5500;Veldhoven
5501;Veldhoven
5502;Veldhoven
5503;Veldhoven
5504;Veldhoven
5505;Veldhoven
5506;Veldhoven
5507;Veldhoven
5508;Veldhoven
5509;Veldhoven
5511;Knegsel
5512;Vessem
5513;Wintelre
5520;Eersel
5521;Eersel
5524;Steensel
5525;Duizel
5527;Hapert
5528;Hoogeloon
5529;Casteren
5530;Bladel
5531;Bladel
5534;Netersel
5540;Reusel
5541;Reusel
5550;Valkenswaard
5551;Valkenswaard
5552;Valkenswaard
5553;Valkenswaard
5554;Valkenswaard
5555;Valkenswaard
5556;Valkenswaard
5560;Riethoven
5561;Riethoven
5563;Westerhoven
5570;Bergeijk
5571;Bergeijk
5575;Luijksgestel
5580;Waalre
5581;Waalre
5582;Waalre
5583;Waalre
5590;Heeze
5591;Heeze
5595;Leende
5600;Eindhoven
5601;Eindhoven
5602;Eindhoven
5603;Eindhoven
5604;Eindhoven
5605;Eindhoven
5611;Eindhoven
5612;Eindhoven
5613;Eindhoven
5614;Eindhoven
5615;Eindhoven
5616;Eindhoven
5621;Eindhoven
5622;Eindhoven
5623;Eindhoven
5624;Eindhoven
5625;Eindhoven
5626;Eindhoven
5627;Eindhoven
5628;Eindhoven
5629;Eindhoven
5631;Eindhoven
5632;Eindhoven
5633;Eindhoven
5641;Eindhoven
5642;Eindhoven
5643;Eindhoven
5644;Eindhoven
5645;Eindhoven
5646;Eindhoven
5647;Eindhoven
5651;Eindhoven
5652;Eindhoven
5653;Eindhoven
5654;Eindhoven
5655;Eindhoven
5656;Eindhoven
5657;Eindhoven
5658;Eindhoven
5660;Geldrop
5661;Geldrop
5662;Geldrop
5663;Geldrop
5664;Geldrop
5665;Geldrop
5666;Geldrop
5667;Geldrop
5670;Nuenen
5671;Nuenen
5672;Nuenen
5673;Nuenen
5674;Nuenen
5680;Best
5681;Best
5682;Best
5683;Best
5684;Best
5685;Best
5688;Oirschot
5689;Oirschot
5690;Son
5691;Son
5692;Son
5694;Breugel
5700;Helmond
5701;Helmond
5702;Helmond
5703;Helmond
5704;Helmond
5705;Helmond
5706;Helmond
5707;Helmond
5708;Helmond
5709;Helmond
5710;Someren
5711;Someren
5712;Someren
5715;Lierop
5720;Asten
5721;Asten
5724;Ommel
5725;Heusden Gemeente Asten
5730;Mierlo
5731;Mierlo
5735;Aarle Rixtel
5737;Lieshout
5738;Mariahout
5740;Beek en Donk
5741;Beek en Donk
5750;Deurne
5751;Deurne
5752;Deurne
5753;Deurne
5754;Deurne
5756;Vlierden
5757;Liessel
5758;Neerkant
5759;Helenaveen
5760;Bakel
5761;Bakel
5763;Milheeze
5764;De Rips
5766;Griendtsveen
5768;Meijel
5800;Venray
5801;Venray
5802;Venray
5803;Venray
5804;Venray
5807;Oostrum
5808;Oirlo
5809;Leunen
5811;Castenraij
5812;Heide
5813;IJsselsteijn
5814;Veulen
5815;Merselo
5816;Vredepeel
5817;Smakt
5820;Vierlingsbeek
5821;Vierlingsbeek
5823;Maashees
5824;Holthees
5825;Overloon
5826;Groeningen
5827;Vortum Mullem
5830;Boxmeer
5831;Boxmeer
5835;Beugen
5836;Sambeek
5840;Oploo
5841;Oploo
5843;Westerbeek
5844;Stevensbeek
5845;Sint Anthonis
5846;Ledeacker
5850;Afferden
5851;Afferden
5853;Siebengewald
5854;Bergen
5855;Well
5856;Wellerlooi
5860;Wanssum
5861;Wanssum
5862;Geijsteren
5863;Blitterswijck
5864;Meerlo
5865;Tienraij
5866;Swolgen
5870;Broekhuizenvorst
5871;Broekhuizenvorst
5872;Broekhuizen
5900;Venlo
5901;Venlo
5902;Venlo
5911;Venlo
5912;Venlo
5913;Venlo
5914;Venlo
5915;Venlo
5916;Venlo
5921;Venlo
5922;Venlo
5923;Venlo
5924;Venlo
5925;Venlo
5926;Venlo
5927;Venlo
5928;Venlo
5930;Tegelen
5931;Tegelen
5932;Tegelen
5935;Steijl
5940;Velden
5941;Velden
5943;Lomm
5944;Arcen
5950;Belfeld
5951;Belfeld
5953;Reuver
5954;Beesel
5960;Horst
5961;Horst
5962;Melderslo
5963;Hegelsom
5964;Meterik
5966;America
5970;Grubbenvorst
5971;Grubbenvorst
5973;Lottum
5975;Sevenum
5976;Kronenberg
5977;Evertsoord
5980;Panningen
5981;Panningen
5984;Koningslust
5985;Grashoek
5986;Beringe
5987;Egchel
5988;Helden
5990;Baarlo
5991;Baarlo
5993;Maasbree
5995;Kessel
6000;Weert
6001;Weert
6002;Weert
6003;Weert
6004;Weert
6005;Weert
6006;Weert
6010;Ell
6011;Ell
6012;Haler
6013;Hunsel
6014;Ittervoort
6015;Neeritter
6017;Thorn
6019;Wessem
6020;Budel
6021;Budel
6023;Budel Schoot
6024;Budel Dorplein
6026;Maarheeze
6027;Soerendonk
6028;Gastel
6029;Sterksel
6030;Nederweert
6031;Nederweert
6034;Nederweert Eind
6035;Ospel
6037;Kelpen Oler
6039;Stramproy
6040;Roermond
6041;Roermond
6042;Roermond
6043;Roermond
6044;Roermond
6045;Roermond
6049;Herten
6050;Maasbracht
6051;Maasbracht
6060;Posterholt
6061;Posterholt
6063;Vlodrop
6065;Montfort
6067;Linne
6070;Swalmen
6071;Swalmen
6074;Melick
6075;Herkenbosch
6077;Sint Odilienberg
6080;Haelen
6081;Haelen
6082;Buggenum
6083;Nunhem
6085;Horn
6086;Neer
6088;Roggel
6089;Heibloem
6091;Leveroij
6092;Leveroij
6093;Heijthuijsen
6095;Baexem
6096;Grathem
6097;Heel
6099;Beegden
6100;Echt
6101;Echt
6102;Echt
6104;Koningsbosch
6105;Maria Hoop
6107;Stevensweert
6109;Ohe En Laak
6111;Sint Joost
6112;Sint Joost
6114;Susteren
6116;Roosteren
6118;Nieuwstadt
6120;Born
6121;Born
6122;Buchten
6123;Holtum
6124;Papenhoven
6125;Obbicht
6127;Grevenbicht
6129;Urmond
6130;Sittard
6131;Sittard
6132;Sittard
6133;Sittard
6134;Sittard
6135;Sittard
6136;Sittard
6137;Sittard
6140;Limbricht
6141;Limbricht
6142;Einighausen
6143;Guttecoven
6150;Munstergeleen
6151;Munstergeleen
6153;Windraak
6155;Puth
6160;Geleen
6161;Geleen
6162;Geleen
6163;Geleen
6164;Geleen
6165;Geleen
6166;Geleen
6167;Geleen
6170;Stein
6171;Stein
6174;Sweikhuizen
6176;Spaubeek
6180;Elsloo
6181;Elsloo
6190;Beek
6191;Beek
6199;Maastricht Airport
6200;Maastricht
6201;Maastricht
6202;Maastricht
6203;Maastricht
6211;Maastricht
6212;Maastricht
6213;Maastricht
6214;Maastricht
6215;Maastricht
6216;Maastricht
6217;Maastricht
6218;Maastricht
6219;Maastricht
6221;Maastricht
6222;Maastricht
6223;Maastricht
6224;Maastricht
6225;Maastricht
6226;Maastricht
6227;Maastricht
6228;Maastricht
6229;Maastricht
6230;Meerssen
6231;Meerssen
6235;Ulestraten
6237;Moorveld
6240;Bunde
6241;Bunde
6243;Geulle
6245;Eijsden
6247;Gronsveld
6251;Eckelrade
6252;Eckelrade
6255;Noorbeek
6260;Mheer
6261;Mheer
6262;Banholt
6265;Sint Geertruid
6267;Cadier En Keer
6268;Bemelen
6269;Margraten
6270;Gulpen
6271;Gulpen
6273;Ingber
6274;Reijmerstok
6276;Heijenrath
6277;Slenaken
6278;Beutenaken
6280;Mechelen
6281;Mechelen
6285;Epen
6286;Wittem
6287;Eijs
6289;Elkenrade
6290;Vaals
6291;Vaals
6294;Vijlen
6295;Lemiers
6300;Valkenburg
6301;Valkenburg
6305;Schin Op Geul
6307;Scheulder
6311;Ransdaal
6312;Ransdaal
6320;Wijlre
6321;Wijlre
6325;Berg En Terblijt
6333;Schimmert
6336;Hulsberg
6341;Walem
6342;Walem
6343;Klimmen
6350;Bocholtz
6351;Bocholtz
6353;Baneheide
6360;Nuth
6361;Nuth
6363;Wijnandsrade
6365;Schinnen
6367;Voerendaal
6369;Simpelveld
6370;Landgraaf
6371;Landgraaf
6372;Landgraaf
6373;Landgraaf
6374;Landgraaf
6400;Heerlen
6401;Heerlen
6411;Heerlen
6412;Heerlen
6413;Heerlen
6414;Heerlen
6415;Heerlen
6416;Heerlen
6417;Heerlen
6418;Heerlen
6419;Heerlen
6421;Heerlen
6422;Heerlen
6430;Hoensbroek
6431;Hoensbroek
6432;Hoensbroek
6433;Hoensbroek
6436;Amstenrade
6438;Oirsbeek
6439;Doenrade
6440;Brunssum
6441;Brunssum
6442;Brunssum
6443;Brunssum
6444;Brunssum
6445;Brunssum
6446;Brunssum
6447;Merkelbeek
6450;Schinveld
6451;Schinveld
6454;Jabeek
6456;Bingelrade
6460;Kerkrade
6461;Kerkrade
6462;Kerkrade
6463;Kerkrade
6464;Kerkrade
6465;Kerkrade
6466;Kerkrade
6467;Kerkrade
6468;Kerkrade
6469;Kerkrade
6470;Eijgelshoven
6471;Eijgelshoven
6500;Nijmegen
6501;Nijmegen
6503;Nijmegen
6504;Nijmegen
6511;Nijmegen
6512;Nijmegen
6521;Nijmegen
6522;Nijmegen
6523;Nijmegen
6524;Nijmegen
6525;Nijmegen
6531;Nijmegen
6532;Nijmegen
6533;Nijmegen
6534;Nijmegen
6535;Nijmegen
6536;Nijmegen
6537;Nijmegen
6538;Nijmegen
6541;Nijmegen
6542;Nijmegen
6543;Nijmegen
6544;Nijmegen
6545;Nijmegen
6546;Nijmegen
6550;Weurt
6551;Weurt
6560;Groesbeek
6561;Groesbeek
6562;Groesbeek
6564;Heilig Landstichting
6566;Millingen aan den Rijn
6570;Berg En Dal
6571;Berg En Dal
6572;Berg En Dal
6573;Beek Ubbergen
6574;Ubbergen
6575;Persingen
6576;Ooij
6577;Erlecom
6578;Leuth
6579;Kekerdom
6580;Malden
6581;Malden
6582;Heumen
6584;Molenhoek
6585;Mook
6586;Plasmolen
6587;Middelaar
6590;Gennep
6591;Gennep
6595;Ottersum
6596;Milsbeek
6598;Heijen
6600;Wijchen
6601;Wijchen
6602;Wijchen
6603;Wijchen
6604;Wijchen
6605;Wijchen
6606;Niftrik
6610;Overasselt
6611;Overasselt
6612;Nederasselt
6613;Balgoij
6615;Leur
6616;Hernen
6617;Bergharen
6620;Dreumel
6621;Dreumel
6624;Heerewaarden
6626;Alphen
6627;Maasbommel
6628;Altforst
6629;Appeltern
6630;Horssen
6631;Horssen
6634;Batenburg
6640;Beuningen
6641;Beuningen
6642;Beuningen
6644;Ewijk
6645;Winssen
6650;Druten
6651;Druten
6652;Druten
6653;Deest
6654;Afferden
6655;Puiflijk
6657;Boven Leeuwen
6658;Beneden Leeuwen
6659;Wamel
6660;Elst
6661;Elst
6662;Elst
6663;Lent
6665;Driel
6666;Heteren
6668;Randwijk
6669;Dodewaard
6670;Zetten
6671;Zetten
6672;Hemmen
6673;Andelst
6674;Herveld
6675;Valburg
6676;Homoet
6677;Slijk Ewijk
6678;Oosterhout
6679;Oosterhout Gemeente Nijmegen
6680;Bemmel
6681;Bemmel
6683;Ressen Gemeente Nijmegen
6684;Ressen
6685;Haalderen
6686;Doornenburg
6687;Angeren
6690;Gendt
6691;Gendt
6700;Wageningen
6701;Wageningen
6702;Wageningen
6703;Wageningen
6704;Wageningen
6705;Wageningen
6706;Wageningen
6707;Wageningen
6708;Wageningen
6709;Wageningen
6710;Ede
6711;Ede
6712;Ede
6713;Ede
6714;Ede
6715;Ede
6716;Ede
6717;Ede
6718;Ede
6720;Bennekom
6721;Bennekom
6730;Otterlo
6731;Otterlo
6732;Harskamp
6733;Wekerom
6740;Lunteren
6741;Lunteren
6744;Ederveen
6745;De Klomp
6800;Arnhem
6801;Arnhem
6802;Arnhem
6803;Arnhem
6811;Arnhem
6812;Arnhem
6813;Arnhem
6814;Arnhem
6815;Arnhem
6816;Arnhem
6821;Arnhem
6822;Arnhem
6823;Arnhem
6824;Arnhem
6825;Arnhem
6826;Arnhem
6827;Arnhem
6828;Arnhem
6831;Arnhem
6832;Arnhem
6833;Arnhem
6834;Arnhem
6835;Arnhem
6836;Arnhem
6841;Arnhem
6842;Arnhem
6843;Arnhem
6844;Arnhem
6845;Arnhem
6846;Arnhem
6850;Huissen
6851;Huissen
6852;Huissen
6860;Oosterbeek
6861;Oosterbeek
6862;Oosterbeek
6865;Doorwerth
6866;Heelsum
6870;Renkum
6871;Renkum
6874;Wolfheze
6877;Deelen
6880;Velp
6881;Velp
6882;Velp
6883;Velp
6891;Rozendaal
6900;Zevenaar
6901;Zevenaar
6902;Zevenaar
6903;Zevenaar
6904;Zevenaar
6905;Zevenaar
6909;Babberich
6910;Pannerden
6911;Pannerden
6913;Aerdt
6914;Herwen
6915;Lobith
6916;Tolkamer
6917;Spijk
6920;Duiven
6921;Duiven
6922;Duiven
6923;Groessen
6924;Loo
6930;Westervoort
6931;Westervoort
6932;Westervoort
6940;Didam
6941;Didam
6942;Didam
6950;Dieren
6951;Dieren
6952;Dieren
6953;Dieren
6955;Ellecom
6956;Spankeren
6957;Laag Soeren
6960;Eerbeek
6961;Eerbeek
6964;Hall
6970;Brummen
6971;Brummen
6974;Leuvenheim
6975;Tonden
6980;Doesburg
6981;Doesburg
6982;Doesburg
6983;Doesburg
6984;Doesburg
6986;Angerlo
6987;Giesbeek
6988;Lathum
6990;Rheden
6991;Rheden
6994;De Steeg
6996;Drempt
6997;Hoog Keppel
6998;Laag Keppel
6999;Hummelo
7000;Doetinchem
7001;Doetinchem
7002;Doetinchem
7003;Doetinchem
7004;Doetinchem
7005;Doetinchem
7006;Doetinchem
7007;Doetinchem
7008;Doetinchem
7009;Doetinchem
7010;Gaanderen
7011;Gaanderen
7020;Zelhem
7021;Zelhem
7025;Halle
7030;Wehl
7031;Wehl
7035;Kilder
7036;Loerbeek
7037;Beek Montferland
7038;Zeddam
7039;Stokkum
7040;S Heerenberg
7041;S Heerenberg
7044;Lengel
7045;Azewijn
7046;Vethuizen
7047;Braamt
7048;Wijnbergen
7050;Varsseveld
7051;Varsseveld
7054;Westendorp
7055;Heelweg
7060;Terborg
7061;Terborg
7064;Silvolde
7065;Sinderen
7070;Ulft
7071;Ulft
7075;Etten
7076;Varsselder En Veldhunten
7077;Netterden
7078;Megchelen
7080;Gendringen
7081;Gendringen
7083;Voorst Gemeente Gendringen
7084;Breedenbroek
7089;Sinderen Gemeente Gendringen
7090;Dinxperlo
7091;Dinxperlo
7095;De Heurne
7100;Winterswijk
7101;Winterswijk
7102;Winterswijk
7103;Winterswijk
7104;Winterswijk Meddo
7105;Winterswijk Huppel
7106;Winterswijk Ratum
7107;Winterswijk Kotten
7108;Winterswijk Woold
7109;Winterswijk Miste
7113;Winterswijk Henxel
7115;Winterswijk Brinkh
7119;Winterswijk Corle
7120;Aalten
7121;Aalten
7122;Aalten
7123;Aalten
7125;Heurne
7126;Bredevoort
7130;Lichtenvoorde
7131;Lichtenvoorde
7132;Lichtenvoorde
7134;Vragender
7135;Harreveld
7136;Zieuwent
7137;Lievelde
7140;Groenlo
7141;Groenlo
7142;Groenlo
7150;Eibergen
7151;Eibergen
7152;Eibergen
7156;Beltrum
7157;Rekken
7160;Neede
7161;Neede
7165;Rietmolen
7200;Zutphen
7201;Zutphen
7202;Zutphen
7203;Zutphen
7204;Zutphen
7205;Zutphen
7206;Zutphen
7207;Zutphen
7210;Eefde
7211;Eefde
7213;Gorssel
7214;Epse
7215;Joppe
7216;Kring Van Dorth
7217;Harfsen
7218;Almen
7220;Steenderen
7221;Steenderen
7223;Baak
7224;Rha
7225;Olburgen
7226;Bronkhorst
7227;Toldijk
7230;Warnsveld
7231;Warnsveld
7232;Warnsveld
7233;Vierakker
7234;Wichmond
7240;Lochem
7241;Lochem
7242;Lochem
7244;Barchem
7245;Laren
7250;Vorden
7251;Vorden
7255;Hengelo
7256;Keijenborg
7260;Ruurlo
7261;Ruurlo
7263;Marienvelde
7270;Borculo
7271;Borculo
7273;Haarlo
7274;Geesteren
7275;Gelselaar
7300;Apeldoorn
7301;Apeldoorn
7302;Apeldoorn
7303;Apeldoorn
7311;Apeldoorn
7312;Apeldoorn
7313;Apeldoorn
7314;Apeldoorn
7315;Apeldoorn
7316;Apeldoorn
7317;Apeldoorn
7320;Apeldoorn
7321;Apeldoorn
7322;Apeldoorn
7323;Apeldoorn
7324;Apeldoorn
7325;Apeldoorn
7326;Apeldoorn
7327;Apeldoorn
7328;Apeldoorn
7329;Apeldoorn
7330;Apeldoorn
7331;Apeldoorn
7332;Apeldoorn
7333;Apeldoorn
7334;Apeldoorn
7335;Apeldoorn
7336;Apeldoorn
7339;Ugchelen
7341;Beemte Broekland
7345;Wenum Wiesel
7346;Hoog Soeren
7348;Radio Kootwijk
7350;Hoenderloo
7351;Hoenderloo
7352;Hoenderloo
7360;Beekbergen
7361;Beekbergen
7364;Lieren
7370;Loenen
7371;Loenen
7380;Klarenbeek
7381;Klarenbeek
7382;Klarenbeek
7383;Voorst Gemeente Voorst
7384;Wilp
7390;Twello
7391;Twello
7392;Twello
7395;Teuge
7396;Terwolde
7397;Nijbroek
7399;Empe
7400;Deventer
7401;Deventer
7411;Deventer
7412;Deventer
7413;Deventer
7414;Deventer
7415;Deventer
7416;Deventer
7417;Deventer
7418;Deventer
7419;Deventer
7420;Deventer
7421;Deventer
7422;Deventer
7423;Deventer
7424;Deventer
7425;Deventer
7426;Deventer
7427;Deventer
7428;Deventer
7429;Colmschate
7430;Diepenveen
7431;Diepenveen
7433;Schalkhaar
7434;Lettele
7435;Okkenbroek
7437;Bathmen
7439;Steenenkamer
7440;Nijverdal
7441;Nijverdal
7442;Nijverdal
7443;Nijverdal
7447;Hellendoorn
7448;Haarle Gemeente Hellendoorn
7450;Holten
7451;Holten
7460;Rijssen
7461;Rijssen
7462;Rijssen
7463;Rijssen
7466;Zuna
7467;Notter
7468;Enter
7470;Goor
7471;Goor
7472;Goor
7475;Markelo
7478;Diepenheim
7480;Haaksbergen
7481;Haaksbergen
7482;Haaksbergen
7483;Haaksbergen
7490;Delden
7491;Delden
7495;Ambt Delden
7496;Hengevelde
7497;Bentelo
7500;Enschede
7502;Enschede
7503;Enschede
7504;Enschede
7511;Enschede
7512;Enschede
7513;Enschede
7514;Enschede
7521;Enschede
7522;Enschede
7523;Enschede
7524;Enschede
7525;Enschede
7531;Enschede
7532;Enschede
7533;Enschede
7534;Enschede
7535;Enschede
7536;Enschede
7541;Enschede
7542;Enschede
7543;Enschede
7544;Enschede
7545;Enschede
7546;Enschede
7547;Enschede
7548;Enschede
7550;Hengelo
7551;Hengelo
7552;Hengelo
7553;Hengelo
7554;Hengelo
7555;Hengelo
7556;Hengelo
7557;Hengelo
7558;Hengelo
7559;Hengelo
7560;Deurningen
7561;Deurningen
7562;Deurningen
7570;Oldenzaal
7571;Oldenzaal
7572;Oldenzaal
7573;Oldenzaal
7574;Oldenzaal
7575;Oldenzaal
7576;Oldenzaal
7577;Oldenzaal
7580;Losser
7581;Losser
7582;Losser
7585;Glane
7586;Overdinkel
7587;De Lutte
7588;Beuningen
7590;Denekamp
7591;Denekamp
7595;Weerselo
7596;Rossum
7597;Saasveld
7600;Almelo
7601;Almelo
7602;Almelo
7603;Almelo
7604;Almelo
7605;Almelo
7606;Almelo
7607;Almelo
7608;Almelo
7609;Almelo
7610;Aadorp
7611;Aadorp
7614;Mariaparochie
7615;Harbrinkhoek
7620;Borne
7621;Borne
7622;Borne
7623;Borne
7625;Zenderen
7626;Hertme
7627;Bornerbroek
7630;Ootmarsum
7631;Ootmarsum
7634;Tilligte
7635;Lattrop Breklenkamp
7636;Agelo
7637;Oud Ootmarsum
7638;Nutter
7640;Wierden
7641;Wierden
7642;Wierden
7645;Hoge Hexel
7650;Tubbergen
7651;Tubbergen
7660;Vasse
7661;Vasse
7662;Hezingen
7663;Mander
7664;Manderveen
7665;Albergen
7666;Fleringen
7667;Reutum
7668;Haarle Gemeente Tubbergen
7670;Vriezenveen
7671;Vriezenveen
7672;Vriezenveen
7675;Bruinehaar
7676;Westerhaar Vriezenveensche Wijk
7678;Geesteren
7679;Langeveen
7680;Vroomshoop
7681;Vroomshoop
7683;Den Ham
7685;Beerzerveld
7687;Daarlerveen
7688;Daarle
7690;Bergentheim
7691;Bergentheim
7692;Marienberg
7693;Sibculo
7694;Kloosterhaar
7695;Bruchterveld
7696;Brucht
7700;Dedemsvaart
7701;Dedemsvaart
7702;Dedemsvaart
7705;Drogteropslagen
7707;Balkbrug
7710;Nieuwleusen
7711;Nieuwleusen
7715;Punthorst
7720;Dalfsen
7721;Dalfsen
7722;Dalfsen
7730;Ommen
7731;Ommen
7734;Vilsteren
7735;Arrien
7736;Beerze
7737;Stegeren
7738;Witharen
7739;Vinkenbuurt
7740;Coevorden
7741;Coevorden
7742;Coevorden
7750;Dalen
7751;Dalen
7753;Dalerpeel
7754;Wachtum
7755;Dalerveen
7756;Stieltjeskanaal
7760;Schoonebeek
7761;Schoonebeek
7764;Zandpol
7765;Weiteveen
7766;Nieuw Schoonebeek
7770;Hardenberg
7771;Hardenberg
7772;Hardenberg
7773;Hardenberg
7775;Lutten
7776;Slagharen
7777;Schuinesloot
7778;Loozen
7779;Holthone
7780;De Krim
7781;De Krim
7782;De Krim
7783;Gramsbergen
7784;Ane
7785;Anevelde
7786;Den Velde
7787;Holtheme
7788;Anerveen
7791;Radewijk
7792;Venebrugge
7793;Hoogenweg
7794;Rheeze
7795;Diffelen
7796;Heemserveen
7797;Rheezerveen
7798;Collendoorn
7800;Emmen
7801;Emmen
7811;Emmen
7812;Emmen
7813;Emmen
7814;Emmen
7815;Emmen
7821;Emmen
7822;Emmen
7823;Emmen
7824;Emmen
7825;Emmen
7826;Emmen
7827;Emmen
7828;Emmen
7830;Nieuw Weerdinge
7831;Nieuw Weerdinge
7833;Nieuw Amsterdam
7840;Sleen
7841;Sleen
7842;Diphoorn
7843;Erm
7844;Veenoord
7845;Holsloot
7846;Noord Sleen
7847;T Haantje
7848;Schoonoord
7849;De Kiel
7851;Zweeloo
7852;Wezup
7853;Wezuperbrug
7854;Aalden
7855;Meppen
7856;Benneveld
7858;Eeserveen
7859;Eeserveen
7860;Oosterhesselen
7861;Oosterhesselen
7863;Gees
7864;Zwinderen
7871;Klijndijk
7872;Valthe
7873;Odoorn
7874;Odoornerveen
7875;Exloo
7876;Valthermond
7877;Tweede Valthermond
7880;Emmer Compascuum
7881;Emmer Compascuum
7884;Barger Compascuum
7885;Nieuw Dordrecht
7887;Erica
7890;Klazienaveen
7891;Klazienaveen
7892;Klazienaveen
7894;Zwartemeer
7895;Roswinkel
7900;Hoogeveen
7901;Hoogeveen
7902;Hoogeveen
7903;Hoogeveen
7904;Hoogeveen
7905;Hoogeveen
7906;Hoogeveen
7907;Hoogeveen
7908;Hoogeveen
7909;Hoogeveen
7911;Nieuweroord
7912;Nieuweroord
7913;Hollandscheveld
7914;Noordscheschut
7915;Alteveer Hoogeveen
7916;Elim
7917;Geesbrug
7918;Nieuwlande
7920;Zuidwolde
7921;Zuidwolde
7924;Veeningen
7925;Linde
7926;Kerkenveld
7927;Alteveer De Wolden
7929;Nieuwlande Coevorden
7931;Fluitenberg
7932;Echten
7933;Pesse
7934;Stuifzand
7935;Eursinge De Wolden
7936;Tiendeveen
7938;Nieuw Balinge
7940;Meppel
7941;Meppel
7942;Meppel
7943;Meppel
7944;Meppel
7946;Wanneperveen
7948;Nijeveen
7949;Rogat
7950;Staphorst
7951;Staphorst
7954;Rouveen
7955;IJhorst
7957;De Wijk
7958;Koekange
7960;Ruinerwold
7961;Ruinerwold
7963;Ruinen
7964;Ansen
7965;Broekhuizen
7966;De Schiphorst
7970;Havelte
7971;Havelte
7973;Darp
7974;Havelterberg
7975;Uffelte
7980;Diever
7981;Diever
7983;Wapse
7984;Dieverbrug
7985;Geeuwenbrug
7986;Wittelte
7990;Dwingeloo
7991;Dwingeloo
8000;Zwolle
8001;Zwolle
8002;Zwolle
8003;Zwolle
8004;Zwolle
8007;Zwolle
8011;Zwolle
8012;Zwolle
8013;Zwolle
8014;Zwolle
8015;Zwolle
8016;Zwolle
8017;Zwolle
8019;Zwolle
8021;Zwolle
8022;Zwolle
8023;Zwolle
8024;Zwolle
8025;Zwolle
8026;Zwolle
8028;Zwolle
8031;Zwolle
8032;Zwolle
8033;Zwolle
8034;Zwolle
8035;Zwolle
8041;Zwolle
8042;Zwolle
8043;Zwolle
8044;Zwolle
8045;Zwolle
8050;Hattem
8051;Hattem
8052;Hattem
8055;Laag Zuthem
8060;Hasselt
8061;Hasselt
8064;Zwartsluis
8066;Belt Schutsloot
8070;Nunspeet
8071;Nunspeet
8072;Nunspeet
8075;Elspeet
8076;Vierhouten
8077;Hulshorst
8079;Noordeinde
8080;Elburg
8081;Elburg
8084;T Harde
8085;Doornspijk
8090;Wezep
8091;Wezep
8094;Hattemerbroek
8095;T Loo Gemeente Oldebroek
8096;Oldebroek
8097;Oosterwolde
8100;Raalte
8101;Raalte
8102;Raalte
8103;Raalte
8105;Luttenberg
8106;Marienheem
8107;Broekland
8110;Heeten
8111;Heeten
8112;Nieuw Heeten
8120;Olst
8121;Olst
8124;Wesepe
8130;Wijhe
8131;Wijhe
8140;Heino
8141;Heino
8144;Lierderholthuis
8146;Dalmsholte
8147;Giethmen
8148;Lemele
8150;Lemelerveld
8151;Lemelerveld
8152;Lemelerveld
8153;Lemelerveld
8154;Lemelerveld
8160;Epe
8161;Epe
8162;Epe
8166;Emst
8167;Oene
8170;Vaassen
8171;Vaassen
8172;Vaassen
8180;Heerde
8181;Heerde
8190;Wapenveld
8191;Wapenveld
8193;Vorchten
8194;Veessen
8196;Welsum
8198;Marle
8200;Lelystad
8202;Lelystad
8203;Lelystad
8211;Lelystad
8212;Lelystad
8218;Lelystad
8219;Lelystad
8221;Lelystad
8222;Lelystad
8223;Lelystad
8224;Lelystad
8225;Lelystad
8226;Lelystad
8231;Lelystad
8232;Lelystad
8233;Lelystad
8239;Lelystad
8241;Lelystad
8242;Lelystad
8243;Lelystad
8244;Lelystad
8245;Lelystad
8250;Dronten
8251;Dronten
8252;Dronten
8253;Dronten
8254;Dronten
8255;Swifterbant
8256;Biddinghuizen
8260;Kampen
8261;Kampen
8262;Kampen
8263;Kampen
8264;Kampen
8265;Kampen
8266;Kampen
8267;Kampen
8270;IJsselmuiden
8271;IJsselmuiden
8274;Wilsum
8275;s Heerenbroek
8276;Zalk
8277;Grafhorst
8278;Kamperveen
8280;Genemuiden
8281;Genemuiden
8291;Mastenbroek
8293;Mastenbroek
8294;Mastenbroek
8300;Emmeloord
8301;Emmeloord
8302;Emmeloord
8303;Emmeloord
8304;Emmeloord
8305;Emmeloord
8307;Ens
8308;Nagele
8309;Tollebeek
8311;Espel
8312;Creil
8313;Rutten
8314;Bant
8315;Luttelgeest
8316;Marknesse
8317;Kraggenburg
8320;Urk
8321;Urk
8322;Urk
8325;Vollenhove
8326;Sint Jansklooster
8330;Steenwijk
8331;Steenwijk
8332;Steenwijk
8334;Tuk
8335;Witte Paarden
8336;Baars
8337;De Pol
8338;Willemsoord
8339;Marijenkampen
8340;Steenwijkerwold
8341;Steenwijkerwold
8342;Basse
8343;Zuidveen
8344;Onna
8345;Kallenkote
8346;De Bult
8347;Eesveen
8351;Wapserveen
8355;Giethoorn
8356;Blokzijl
8361;IJsselham
8362;Nederland
8363;Wetering
8371;Scheerwolde
8372;Baarlo Ov
8373;Blankenham
8374;Kuinre
8375;Oldemarkt
8376;Ossenzijl
8377;Kalenberg
8378;Paasloo
8380;Vledder
8381;Vledder
8382;Frederiksoord
8383;Nijensleek
8384;Wilhelminaoord
8385;Vledderveen
8386;Doldersum
8387;Boschoord
8388;Oosterstreek
8389;Zandhuizen
8390;Noordwolde
8391;Noordwolde
8392;Boijl
8393;Vinkega
8394;De Hoeve
8395;Steggerda
8396;Peperga
8397;De Blesse
8398;Blesdijke
8400;Gorredijk
8401;Gorredijk
8403;Jonkerslan
8404;Langezwaag
8405;Luxwoude
8406;Tijnje
8407;Terwispel
8408;Lippenhuizen
8409;Hemrik
8410;Jubbega
8411;Jubbega
8412;Hoornsterzwaag
8413;Oudehorne
8414;Nieuwehorne
8415;Bontebok
8420;Oldeberkoop
8421;Oldeberkoop
8422;Nijeberkoop
8423;Makkinga
8424;Elsloo Fr
8425;Langedijke
8426;Appelscha
8427;Ravenswoud
8428;Fochteloo
8430;Oosterwolde
8431;Oosterwolde
8432;Haule
8433;Haulerwijk
8434;Waskemeer
8435;Donkerbroek
8437;Zorgvlied
8438;Wateren
8439;Oude Willem
8440;Heerenveen
8441;Heerenveen
8442;Heerenveen
8443;Heerenveen
8444;Heerenveen
8445;Heerenveen
8446;Heerenveen
8447;Heerenveen
8448;Heerenveen
8449;Terband
8451;Oudeschoot
8452;Nieuweschoot
8453;Oranjewoud
8454;Mildam
8455;Katlijk
8456;De Knipe
8457;Gersloot
8458;Tjalleberd
8459;Luinjeberd
8461;Rottum
8462;Rotstergaast
8463;Rotsterhaule
8464;Sintjohannesga
8465;Oudehaske
8466;Nijehaske
8467;Vegelinsoord
8468;Haskerdijken
8469;Nieuwebrug
8470;Wolvega
8471;Wolvega
8472;Wolvega
8474;Oldeholtpade
8475;Nijeholtpade
8476;Ter Idzard
8477;Oldeholtwolde
8478;Sonnega
8479;Oldetrijne
8481;Nijetrijne
8482;Spanga
8483;Scherpenzeel
8484;Langelille
8485;Munnekeburen
8486;Oldelamer
8487;Nijelamer
8488;Nijeholtwolde
8489;Slijkenburg
8490;Akkrum
8491;Akkrum
8493;Terherne
8494;Nes Gemeente Boarnsterhim
8495;Aldeboarn
8497;Goengahuizen
8500;Joure
8501;Joure
8502;Joure
8503;Joure
8505;Snikzwaag
8506;Haskerhorne
8507;Rohel
8508;Delfstrahuizen
8511;Goingarijp
8512;Broek
8513;Ouwsterhaule
8514;Ouwster Nijega
8515;Oldeouwer
8516;Doniaga
8517;Scharsterbrug
8520;Sint Nicolaasga
8521;Sint Nicolaasga
8522;Tjerkgaast
8523;Idskenhuizen
8524;Teroele
8525;Langweer
8526;Boornzwaag
8527;Legemeer
8528;Dijken
8529;Koufurderrige
8530;Lemmer
8531;Lemmer
8532;Lemmer
8534;Eesterga
8535;Follega
8536;Oosterzee
8537;Echten
8538;Bantega
8539;Echtenerbrug
8541;Akmarijp
8542;Terkaple
8550;Woudsend
8551;Woudsend
8552;Smallebrugge
8553;Indijk
8554;Ypecolsga
8556;Sloten
8560;Balk
8561;Balk
8563;Wijckel
8564;Ruigahuizen
8565;Sondel
8566;Nijemirdum
8567;Oudemirdum
8571;Harich
8572;Rijs
8573;Mirns
8574;Bakhuizen
8581;Elahuizen
8582;Oudega Gemeente Gaasterland Sleat
8583;Kolderwolde
8584;Hemelum
8600;Sneek
8601;Sneek
8602;Sneek
8603;Sneek
8604;Sneek
8605;Sneek
8606;Sneek
8607;Sneek
8608;Sneek
8611;Gaastmeer
8612;Idzega
8613;Sandfirden
8614;Oudega Gemeente Wymbritseradiel
8615;Blauwhuis
8616;Westhem
8617;Abbega
8618;Oosthem
8620;Heeg
8621;Heeg
8622;Hommerts
8623;Jutrijp
8624;Uitwellingerga
8625;Oppenhuizen
8626;Offingawier
8627;Gauw
8628;Goenga
8629;Scharnegoutum
8631;Loenga
8632;Tirns
8633;ijsbrechtum
8635;Boazum
8636;Britswert
8637;Wiuwert
8641;Rien
8642;Lijtsewierrum
8644;Dearsum
8647;Sibrandabuorren
8650;IJlst
8651;IJlst
8658;Greonterp
8700;Bolsward
8701;Bolsward
8702;Bolsward
8710;Workum
8711;Workum
8713;Hindeloopen
8715;Stavoren
8720;Warns
8721;Warns
8722;Molkwerum
8723;Koudum
8724;It Heidenskip
8730;Wommels
8731;Wommels
8732;Kubaard
8733;Iens
8734;Easterein
8735;Itens
8736;Reahus
8737;Hidaard
8741;Hartwerd
8742;Burgwerd
8743;Hichtum
8744;Schettens
8745;Longerhouw
8746;Schraard
8747;Wons
8748;Witmarsum
8749;Pingjum
8751;Zurich
8752;Kornwerderzand
8753;Cornwerd
8754;Makkum
8755;Idsegahuizum
8756;Piaam
8757;Gaast
8758;Allingawier
8759;Exmorra
8761;Ferwoude
8762;Hieslum
8763;Parrega
8764;Dedgum
8765;Tjerkwerd
8766;Breezanddijk
8770;Nijland
8771;Nijland
8772;Tjalhuizum
8773;Folsgare
8774;Wolsum
8775;Nijhuizum
8800;Franeker
8801;Franeker
8802;Franeker
8804;Tzum
8805;Hitzum
8806;Achlum
8807;Herbaijum
8808;Dongjum
8809;Boer
8811;Ried
8812;Peins
8813;Schalsum
8814;Zweins
8816;Schingen
8821;Kimswerd
8822;Arum
8823;Lollum
8830;Winsum
8831;Winsum
8832;Huns
8833;Leons
8834;Baard
8835;Easterlittens
8841;Baaium
8842;Wjelsrijp
8843;Spannum
8844;Hinnaard
8845;Waaksens Gemeente Littenseradiel
8850;Tzummarum
8851;Tzummarum
8852;Firdgum
8853;Klooster Lidlum
8854;Oosterbierum
8855;Sexbierum
8856;Pietersbierum
8857;Wijnaldum
8860;Harlingen
8861;Harlingen
8862;Harlingen
8871;Midlum
8872;Midlum
8880;Terschelling West
8881;Terschelling West
8882;Terschelling Hee
8883;Terschelling Kaart
8884;Terschelling Baaid
8885;Terschelling Kinum
8890;Terschelling Midld
8891;Terschelling Midld
8892;Terschelling Serijp
8893;Terschelling Landr
8894;Terschelling Formr
8895;Terschelling Lies
8896;Terschelling Hoorn
8897;Terschelling Oosterend
8899;Vlieland
8900;Leeuwarden
8901;Leeuwarden
8902;Leeuwarden
8903;Leeuwarden
8911;Leeuwarden
8912;Leeuwarden
8913;Leeuwarden
8914;Leeuwarden
8915;Leeuwarden
8916;Leeuwarden
8917;Leeuwarden
8918;Leeuwarden
8919;Leeuwarden
8921;Leeuwarden
8922;Leeuwarden
8923;Leeuwarden
8924;Leeuwarden
8925;Leeuwarden
8926;Leeuwarden
8927;Leeuwarden
8931;Leeuwarden
8932;Leeuwarden
8933;Leeuwarden
8934;Leeuwarden
8935;Leeuwarden
8936;Leeuwarden
8937;Leeuwarden
8938;Leeuwarden
8939;Leeuwarden
8941;Leeuwarden
9000;Grou
9001;Grou
9003;Warten
9004;Warstiens
9005;Wergea
9006;Eagum
9007;Idaerd
9008;Reduzum
9009;Friens
9010;Jirnsum
9011;Jirnsum
9012;Raerd
9013;Poppenwier
9014;Tersoal
9021;Easterwierrum
9022;Mantgum
9023;Jorwert
9024;Weidum
9025;Bears
9026;Jellum
9027;Hilaard
9031;Boksum
9032;Blessum
9033;Deinum
9034;Marssum
9035;Dronrijp
9036;Menaldum
9037;Slappeterp
9038;Engelum
9040;Berlikum
9041;Berlikum
9043;Wier
9044;Beetgum
9045;Beetgumermolen
9047;Minnertsga
9050;Stiens
9051;Stiens
9053;Finkum
9054;Hijum
9055;Britsum
9056;Cornjum
9057;Jelsum
9060;Gijtsjerk
9061;Gijtsjerk
9062;Oentsjerk
9063;Munein
9064;Aldtsjerk
9067;Roodkerk
9071;Oude Leije
9072;Oude Leije
9073;Marrum
9074;Hallum
9075;Westhoek
9076;Sint Annaparochie
9077;Vrouwenparochie
9078;Oude Bildtzijl
9079;Sint Jacobiparochie
9080;Lekkum
9081;Lekkum
9082;Miedum
9083;Snakkerburen
9084;Goutum
9085;Teerns
9086;Hempens
9087;Swichum
9088;Wirdum
9089;Wijtgaard
9091;Wijns
9100;Dokkum
9101;Dokkum
9102;Dokkum
9103;Dokkum
9104;Damwoude
9105;Rinsumageest
9106;Sijbrandahuis
9107;Jannum
9108;Broeksterwoude
9109;De Valom
9110;Burdaard
9111;Burdaard
9112;Burdaard
9113;Wouterswoude
9114;Driesum
9121;Aalzum
9122;Wetzens
9123;Metslawier
9124;Jouswier
9125;Oostrum
9130;Ee
9131;Ee
9132;Engwierum
9133;Anjum
9134;Lioessens
9135;Morra
9136;Paesens
9137;Oosternijkerk
9138;Niawier
9141;Wierum
9142;Moddergat
9143;Nes Gemeente Dongeradeel
9144;Hantumhuizen
9145;Ternaard
9146;Hantumeruitburen
9147;Hantum
9148;Hiaure
9150;Holwerd
9151;Holwerd
9152;Waaxens Gemeente Dongeradeel
9153;Brantgum
9154;Foudgum
9155;Raard
9156;Bornwird
9160;Hollum
9161;Hollum
9162;Ballum
9163;Nes Ameland
9164;Buren
9166;Schiermonnikoog
9170;Blije
9171;Blije
9172;Ferwert
9173;Hegebeintum
9174;Ginnum
9175;Reitsum
9176;Lichtaard
9177;Jislum
9178;Wanswert
9200;Drachten
9201;Drachten
9202;Drachten
9203;Drachten
9204;Drachten
9205;Drachten
9206;Drachten
9207;Drachten
9211;Kortehemmen
9212;Boornbergum
9213;De Wilgen
9214;Smalle Ee
9215;De Veenhoop
9216;Oudega Gemeente Smallingerland
9217;Nijega
9218;Opeinde
9219;De Tike
9220;Rottevalle
9221;Rottevalle
9222;Drachtstercompagn
9223;Houtigehage
9230;Surhuisterveen
9231;Surhuisterveen
9233;Boelenslaan
9240;Wijnjewoude
9241;Wijnjewoude
9243;Bakkeveen
9244;Beetsterzwaag
9245;Nij Beets
9246;Olterterp
9247;Ureterp
9248;Siegerswoude
9249;Frieschepalen
9250;Burgum
9251;Burgum
9254;Hurdegarijp
9255;Tytsjerk
9256;Ryptsjerk
9257;Noardburgum
9258;Jistrum
9260;Eastermar
9261;Eastermar
9262;Sumar
9263;Garijp
9264;Earnewald
9265;Suwald
9269;Veenwouden
9270;Zwaagwesteinde
9271;Zwaagwesteinde
9280;Harkema
9281;Harkema
9283;Surhuizum
9284;Augustinusga
9285;Buitenpost
9286;Twijzel
9287;Twijzelerheide
9288;Kootstertille
9289;Drogeham
9290;Kollum
9291;Kollum
9292;Augsbuurt
9293;Kollumerpomp
9294;Oudwoude
9295;Westergeest
9296;Triemen
9297;Veenklooster
9298;Kollumerzwaag
9299;Zwagerbosch
9300;Roden
9301;Roden
9302;Roden
9304;Lieveren
9305;Roderesch
9306;Alteveer Gemeente Noordenveld
9307;Steenbergen
9311;Nieuw Roden
9312;Nietap
9313;Leutingewolde
9314;Foxwolde
9315;Roderwolde
9320;Peize
9321;Peize
9330;Norg
9331;Norg
9333;Langelo
9334;Peest
9335;Zuidvelde
9336;Huis Ter Heide
9337;Westervelde
9340;Veenhuizen
9341;Veenhuizen
9342;Een
9343;Een West
9350;Leek
9351;Leek
9354;Zevenhuizen
9355;Midwolde
9356;Tolbert
9359;Boerakker Gemeente Leek
9361;Boerakker
9362;Boerakker
9363;Marum
9364;Nuis
9365;Niebert
9366;Jonkersvaart
9367;De Wilp
9400;Assen
9401;Assen
9402;Assen
9403;Assen
9404;Assen
9405;Assen
9406;Assen
9407;Assen
9408;Assen
9409;Loon
9410;Beilen
9411;Beilen
9412;Beilen
9413;Beilen
9414;Hooghalen
9415;Hijken
9416;Oranje
9417;Spier
9418;Wijster
9419;Drijber
9420;Bovensmilde
9421;Bovensmilde
9422;Smilde
9423;Hoogersmilde
9430;Westerbork
9431;Westerbork
9432;Zuidveld
9433;Zwiggelte
9434;Eursinge
9435;Bruntinge
9436;Mantinge
9437;Balinge
9438;Garminge
9439;Witteveen
9441;Orvelte
9442;Elp
9443;Schoonloo
9444;Grolloo
9445;Vredenheim
9446;Amen
9447;Papenvoort
9448;Marwijksoord
9449;Nooitgedacht
9450;Rolde
9451;Rolde
9452;Nijlande
9453;Eldersloo
9454;Ekehaar
9455;Geelbroek
9456;Eleveld
9457;Deurze
9458;Balloo
9459;Balloerveld
9460;Gieten
9461;Gieten
9462;Gasselte
9463;Eext
9464;Eexterzandvoort
9465;Anderen
9466;Gasteren
9467;Anloo
9468;Annen
9469;Schipborg
9470;Zuidlaren
9471;Zuidlaren
9472;Zuidlaren
9473;De Groeve
9474;Zuidlaarderveen
9475;Midlaren
9479;Noordlaren
9480;Vries
9481;Vries
9482;Tijnaarlo
9483;Zeegse
9484;Oudemolen
9485;Taarlo
9486;Rhee
9487;Ter Aard
9488;Zeijerveld
9489;Zeijerveen
9490;Zeijen
9491;Zeijen
9492;Ubbena
9493;De Punt
9494;IJde
9495;Winde
9496;Bunne
9497;Donderen
9500;Stadskanaal
9501;Stadskanaal
9502;Stadskanaal
9503;Stadskanaal
9510;Gieterveen
9511;Gieterveen
9512;Nieuwediep
9514;Gasselternijveen
9515;Gasselternijveenschemond
9520;Nieuw Buinen
9521;Nieuw Buinen
9523;Drouwenermond
9524;Buinerveen
9525;Drouwenerveen
9526;Bronnegerveen
9527;Bronneger
9528;Buinen
9530;Borger
9531;Borger
9533;Drouwen
9534;Westdorp
9535;Ellertshaar
9536;Ees
9537;Eesergroen
9540;Vlagtwedde
9541;Vlagtwedde
9545;Bourtange
9550;Sellingen
9551;Sellingen
9560;Ter Apel
9561;Ter Apel
9563;Ter Apelkanaal
9564;Zandberg
9566;Veelerveen
9570;Tweede Exloermond
9571;Tweede Exloermond
9573;Eerste Exloermond
9574;Exloerveen
9580;Musselkanaal
9581;Musselkanaal
9584;Mussel
9585;Vledderveen
9590;Onstwedde
9591;Onstwedde
9600;Hoogezand
9601;Hoogezand
9602;Hoogezand
9603;Hoogezand
9605;Kiel Windeweer
9606;Kropswolde
9607;Foxhol
9608;Westerbroek
9609;Waterhuizen
9610;Sappemeer
9611;Sappemeer
9615;Kolham
9616;Scharmer
9617;Harkstede
9618;Woudbloem
9619;Froombosch
9620;Slochteren
9621;Slochteren
9623;Lageland
9624;Luddeweer
9625;Overschild
9626;Schildwolde
9627;Hellum
9628;Siddeburen
9629;Steendam
9631;Borgercompagnie
9632;Borgercompagnie
9633;Tripscompagnie
9635;Noordbroek
9636;Zuidbroek
9640;Veendam
9641;Veendam
9642;Veendam
9644;Veendam
9645;Veendam
9646;Veendam
9648;Wildervank
9649;Muntendam
9650;Meeden
9651;Meeden
9654;Annerveensche Kan
9655;Oud Annerveen
9656;Spijkerboor
9657;Nieuw Annerveen
9658;Eexterveen
9659;Eexterveensche Kan
9660;Alteveer
9661;Alteveer
9662;Alteveer
9663;Nieuwe Pekela
9665;Oude Pekela
9670;Winschoten
9671;Winschoten
9672;Winschoten
9673;Winschoten
9674;Winschoten
9675;Winschoten
9677;Heiligerlee
9678;Westerlee
9679;Scheemda
9680;Midwolda
9681;Midwolda
9682;Oostwold Scheemda
9684;Finsterwolde
9685;Blauwestad
9686;Beerta
9687;Nieuw Beerta
9688;Drieborg
9691;Oudezijl
9693;Nieuweschans
9695;Bellingwolde
9696;Oudeschans
9697;Blijham
9698;Wedde
9699;Vriescheloo
9700;Groningen
9701;Groningen
9702;Groningen
9703;Groningen
9704;Groningen
9711;Groningen
9712;Groningen
9713;Groningen
9714;Groningen
9715;Groningen
9716;Groningen
9717;Groningen
9718;Groningen
9721;Groningen
9722;Groningen
9723;Groningen
9724;Groningen
9725;Groningen
9726;Groningen
9727;Groningen
9728;Groningen
9731;Groningen
9732;Groningen
9733;Groningen
9734;Groningen
9735;Groningen
9736;Groningen
9737;Groningen
9738;Groningen
9741;Groningen
9742;Groningen
9743;Groningen
9744;Groningen
9745;Groningen
9746;Groningen
9747;Groningen
9749;Matsloot
9750;Haren
9751;Haren
9752;Haren
9753;Haren
9755;Onnen
9756;Glimmen
9760;Eelde
9761;Eelde
9765;Paterswolde
9766;Eelderwolde
9770;Sauwerd
9771;Sauwerd
9773;Wetsinge
9774;Adorp
9780;Bedum
9781;Bedum
9784;Noordwolde
9785;Zuidwolde
9790;Ten Boer
9791;Ten Boer
9792;Ten Post
9793;Winneweer
9794;Lellens
9795;Woltersum
9796;Sint Annen
9797;Thesinge
9798;Garmerwolde
9800;Zuidhorn
9801;Zuidhorn
9804;Noordhorn
9805;Briltil
9811;Enumatil
9812;Enumatil
9821;Oldekerk
9822;Niekerk Grootegast
9824;Noordwijk
9825;Lucaswolde
9827;Lettelbert
9828;Oostwold Gemeente Leek
9830;Aduard
9831;Aduard
9832;Den Horn
9833;Den Ham
9840;Niezijl
9841;Niezijl
9842;Niezijl
9843;Grijpskerk
9844;Pieterzijl
9845;Visvliet
9850;Burum
9851;Burum
9852;Warfstermolen
9853;Munnekezijl
9860;Grootegast
9861;Grootegast
9862;Sebaldeburen
9863;Doezum
9864;Kornhorn
9865;Opende
9866;Lutjegast
9870;Stroobos
9871;Stroobos
9872;Stroobos
9873;Gerkesklooster
9880;Kommerzijl
9881;Kommerzijl
9882;Kommerzijl
9883;Oldehove
9884;Niehove
9885;Lauwerzijl
9886;Saaksum
9890;Ezinge
9891;Ezinge
9892;Feerwerd
9893;Garnwerd
9900;Appingedam
9901;Appingedam
9902;Appingedam
9903;Appingedam
9904;Krewerd
9905;Holwierde
9906;Bierum
9907;Losdorp
9908;Godlinze
9909;Spijk
9911;Oosterwijtwerd
9912;Leermens
9913;Eenum
9914;Zeerijp
9915;T Zandt
9917;Wirdum
9918;Garrelsweer
9919;Loppersum
9920;Stedum
9921;Stedum
9922;Westeremden
9923;Garsthuizen
9924;Startenhuizen Gemeente Loppersum
9925;Startenhuizen
9930;Delfzijl
9931;Delfzijl
9932;Delfzijl
9933;Delfzijl
9934;Delfzijl
9936;Farmsum
9937;Meedhuizen
9939;Tjuchem
9942;T Waar
9943;Nieuw Scheemda
9944;Nieuwolda
9945;Wagenborgen
9946;Woldendorp
9947;Termunten
9948;Termunterzijl
9949;Borgsweer
9950;Winsum
9951;Winsum
9953;Baflo
9954;Tinallinge
9955;Rasquert
9956;Den Andel
9957;Saaxumhuizen
9959;Onderdendam
9960;Mensingeweer
9961;Mensingeweer
9962;Schouwerzijl
9963;Warfhuizen
9964;Wehe Den Hoorn
9965;Leens
9966;Zuurdijk
9967;Eenrum
9968;Pieterburen
9969;Westernieland
9970;Ulrum
9971;Ulrum
9972;Niekerk De Marne
9973;Houwerzijl
9974;Zoutkamp
9975;Vierhuizen
9976;Lauwersoog
9977;Kloosterburen
9978;Hornhuizen
9979;Eemshaven
9980;Uithuizen
9981;Uithuizen
9982;Uithuizermeeden
9983;Roodeschool
9984;Oudeschip
9985;Oosternieland
9986;Oldenzijl
9987;Zijldijk
9988;Usquert
9989;Warffum
9990;Middelstum
9991;Middelstum
9992;Huizinge
9993;Westerwijtwerd
9994;Toornwerd
9995;Kantens
9996;Eppenhuizen
9997;Zandeweer
9998;Rottum
9999;Stitswerd
